Issue id,Duplicates
1606527,1470304.0
1606552,1550960.0
1606573,1605938
1606709,1601905.0
1606926,1604629.0
1606965,1631184.0
1607012,1591787.0
1607037,1578539.0
1607091,1601905.0
1607094,458570.0
1607098,1601905.0
1607197,1607207.0
1607425,1017768.0
1607453,1601905.0
1607480,1596702.0
1607504,1604629.0
1607510,1601905.0
1607613,"1529443, 1555386"
1607688,1588155.0
1607695,"1641809, 1565007.0"
1607829,1583135.0
1608017,1604629.0
1608061,1596371.0
1608172,1601905.0
1608401,1605676.0
1608591,1593540.0
1608647,318697.0
1608733,1610406.0
1608773,"1772118, 1889946"
1609043,1601905.0
1609389,1580262.0
1609419,1590645.0
1609542,1604629.0
1609614,1590645.0
1609661,194585.0
1609789,1608872.0
1609919,1609931
1609931,1609919.0
1610175,1629842.0
1610178,1578539.0
1610180,1606027
1610305,1633214
1610312,1588155.0
1610314,357480.0
1610406,1608733
1610580,1287336.0
1610771,1610927.0
1611312,1590237.0
1611354,339596.0
1611612,1611609
1611749,1721682.0
1611861,1636766
1611887,1098069.0
1611918,1610927.0
1612055,1622255
1612185,1622974.0
1612306,1610597.0
1612359,917961.0
1612410,1605917.0
1612456,1701786
1612537,1590645.0
1612630,1548753.0
1612717,1627625
1612818,1893195
1612884,1593122.0
1612942,1028503.0
1613045,1603572
1613392,1445125.0
1614020,1373940.0
1614140,1050475.0
1614315,1562896.0
1614721,1565007.0
1614830,1615417.0
1614869,678618.0
1614939,1614224.0
1615064,321887
1615468,"1617492, 1619633"
1615688,1615699
1615699,1615688.0
1615714,1618774
1615833,1595169.0
1615837,1578539.0
1615847,1700279.0
1616501,1530122.0
1616626,583365.0
1616753,1735382
1616764,1618338
1616917,375717.0
1616962,1558193.0
1616988,1717236.0
1617445,424219.0
1617490,"1629283, 1642085"
1617492,"1618224, 1615468.0"
1618224,1617492.0
1618327,453385.0
1618338,1616764.0
1618389,544580.0
1618561,1601092.0
1618616,1631222
1618774,1615714.0
1618961,1556748.0
1619046,1646529.0
1619057,1619262
1619255,1529929.0
1619262,1619057.0
1619633,1615468.0
1619759,1619779
1619779,1619759.0
1620426,1686132.0
1620432,375717.0
1620481,1788609.0
1620611,1630603
1620903,1381485.0
1621188,201175.0
1621255,247973.0
1621514,1636236.0
1621896,1565007.0
1622181,"1734449, 1742304"
1622251,1489976.0
1622255,1612055.0
1622431,1578539.0
1622598,397009.0
1622606,1640164
1622642,1626039
1622695,"1623604, 1625837"
1622714,1620314.0
1622842,318697.0
1622852,1623378
1622933,1620314.0
1623088,1565007.0
1623151,1381485.0
1623237,1620314.0
1623295,923043.0
1623378,1622852.0
1623573,1620314.0
1623604,1622695.0
1623685,1550960.0
1623703,1623453
1623704,1606214
1623719,1623721
1623721,1623719.0
1623782,1620314.0
1624207,1625146
1624393,1653588.0
1624536,1635552.0
1624928,1620314.0
1624979,1620314.0
1625046,1620314.0
1625144,1620314.0
1625146,1624207.0
1625244,1620314.0
1625447,1402550.0
1625611,1620314.0
1625620,1620314.0
1625638,1620314.0
1625837,1622695.0
1626039,1622642.0
1626832,1656370
1627625,1612717.0
1627726,209501.0
1627901,"1648899, 1735702"
1628242,1498313.0
1628268,1589023.0
1628284,1626391.0
1628335,1578539.0
1628597,170823.0
1628800,"1629103, 1629385, 1629469, 1629656, 1629725, 1629799, 1631606, 1633559, 1633793, 1634818, 1635411"
1628889,1634261
1629015,1629103.0
1629085,1629842.0
1629103,"1629015, 1629312, 1628800.0"
1629312,1629103.0
1629385,1628800.0
1629450,1629369
1629459,"1636967, 1650136"
1629469,1628800.0
1629632,210148.0
1629656,1628800.0
1629669,"1629671, 1650421"
1629671,1629669.0
1629725,1628800.0
1629799,1628800.0
1629837,1629523.0
1629842,"1610175, 1629085, 1631007, 1631025, 1635775"
1630260,780124.0
1630283,780124.0
1630286,1926165
1630411,1644083.0
1630474,1630718
1630718,1630474.0
1631007,1629842.0
1631025,1629842.0
1631184,1606965
1631222,1618616.0
1631437,1635726
1631577,1650529
1631606,1628800.0
1632307,1647768.0
1632494,"1633147, 1633287.0"
1632564,1632481.0
1633107,310853.0
1633147,1632494.0
1633198,1657308
1633214,1610305.0
1633287,1632494
1633306,"1657424, 1657507, 1657923"
1633559,1628800.0
1633793,1628800.0
1634062,1676931
1634128,550809.0
1634209,1637604
1634261,1628889.0
1634341,"1653741, 1685219, 1685223"
1634473,1658291
1634667,1634890
1634805,1634864.0
1634817,"1643092, 1635151.0"
1634818,1628800.0
1634853,18732.0
1634890,1634667.0
1635151,"1634817, 1637438"
1635411,1628800.0
1635552,"1624536, 1697575.0"
1635726,1631437.0
1635775,1629842.0
1635934,699026.0
1636236,1621514
1636350,"1653467, 1657044"
1636665,1655507
1636676,1639402
1636766,"1665468, 1665470, 1671107, 1611861.0"
1636967,1629459.0
1636971,"1637550, 1645277"
1637006,1671267
1637438,1635151.0
1637550,1636971.0
1637620,1592210.0
1637970,1637826.0
1638075,1637826.0
1638233,"1592210, 1654352, 1656460, 1658233, 1658695"
1638439,1662433.0
1638530,1646611.0
1638565,1660610
1638578,1638579
1638579,1638578.0
1638609,1646659
1638616,1941817
1638637,1638639.0
1638639,1638637
1639172,1548753.0
1639235,1625685.0
1639249,"1641422, 1646349, 1646966, 1650586, 1651384, 1651392, 1653148, 1653608, 1653740, 1656202, 1656775"
1639402,1636676.0
1639702,1562896.0
1639759,1464285.0
1639790,1548753.0
1640164,1622606.0
1640642,793118.0
1641422,1639249.0
1641443,1641427.0
1641574,1650149.0
1641577,1607859
1641950,1637668.0
1642002,1641427.0
1642263,1588113.0
1642382,1007696.0
1642717,1641427.0
1642840,286284.0
1642936,61810.0
1643021,1174797.0
1643092,1634817.0
1643496,1719043.0
1643602,546932.0
1643746,1642317.0
1643939,131965.0
1644006,1509918.0
1644023,312619.0
1644038,1784047
1644063,350868.0
1644751,391717.0
1644761,958088.0
1644961,1644083.0
1644964,1644083.0
1645304,1565007.0
1645361,1679464.0
1645595,1669426
1646313,1652410.0
1646349,1639249.0
1646509,1652279.0
1646529,"1619046, 1659951"
1646591,695142.0
1646656,1652279.0
1646659,1638609.0
1646874,1662675
1646966,1639249.0
1646993,1643258.0
1647119,1245532.0
1647158,424219.0
1647201,1556261.0
1647340,1529323.0
1647696,1590473.0
1647768,1632307
1648014,"1678974, 1682052"
1648406,352428.0
1648484,1646611.0
1648884,1503662.0
1648899,1627901.0
1648975,538133.0
1649079,1661216.0
1649298,1601879.0
1649308,1590473.0
1649789,1759335.0
1649854,1435903.0
1649973,944942.0
1650136,1629459.0
1650381,1515254.0
1650421,1629669.0
1650457,1650976.0
1650477,1650113.0
1650529,1631577.0
1650586,1639249.0
1650595,1556261.0
1650665,1585600.0
1651245,1647978.0
1651384,1639249.0
1651392,1639249.0
1652169,1529323.0
1652223,402594.0
1652250,229493.0
1652279,"1646509, 1646656, 1654825"
1652290,"1662972, 1664859, 1666311, 1676473, 1688385, 1708746, 1716744"
1652366,1652371.0
1652371,1652366
1652388,1508136.0
1652410,1646313
1652824,511741.0
1652878,508427.0
1653148,1639249.0
1653168,"1654579, 1654671, 1654761"
1653187,1653647.0
1653209,1658062.0
1653234,1654005
1653467,"1657702, 1636350.0"
1653494,1646611.0
1653497,1674407.0
1653551,1445778.0
1653588,"1624393, 1653838, 1654931"
1653608,1639249.0
1653647,"1653187, 1659321"
1653740,1639249.0
1653741,1634341.0
1653768,1381485.0
1653834,1658695.0
1653838,1653588.0
1654005,1653234.0
1654267,1654272.0
1654272,1654267
1654352,1638233.0
1654482,1590473.0
1654579,1653168.0
1654623,1771638.0
1654637,163924.0
1654671,1653168.0
1654710,1201273.0
1654761,1653168.0
1654797,1654529.0
1654825,1652279.0
1654830,1634556.0
1654931,1653588.0
1655191,1601749.0
1655210,1656392
1655225,1719125
1655236,1720794.0
1655316,1656600
1655338,1588155.0
1655342,1646611.0
1655507,1636665.0
1655542,1674660.0
1655543,1677357
1655685,"1656654, 1656690"
1655816,1655907
1656031,1556261.0
1656278,1666215
1656287,"1654894, 1656401, 1658294, 1659188"
1656370,1626832.0
1656399,1770174.0
1656460,1638233.0
1656464,1656960
1656514,618553.0
1656592,1654548.0
1656600,1655316.0
1656652,1683324
1656654,1655685.0
1656690,1655685.0
1656742,1657115.0
1656891,1578302.0
1656960,1656464.0
1657034,1657565.0
1657044,1636350.0
1657050,1659069
1657054,1654548.0
1657061,1662395.0
1657115,1656742
1657133,1654548.0
1657261,1654548.0
1657308,1633198.0
1657320,1654548.0
1657341,1657420.0
1657424,1633306.0
1657500,1655286.0
1657507,1633306.0
1657565,"1657034, 1658062.0"
1657612,1654548.0
1657623,1654548.0
1657683,1654548.0
1657702,1653467.0
1657837,"1660871, 1662221"
1657839,1654548.0
1657923,1633306.0
1657986,1654548.0
1657988,1671481
1657990,1654548.0
1658006,1654548.0
1658062,"1653209, 1657565, 1658112, 1658115, 1658740, 1659374"
1658085,1654548.0
1658104,1654548.0
1658115,1658062.0
1658151,617356.0
1658178,1654548.0
1658213,1654548.0
1658233,1638233.0
1658248,1654548.0
1658260,1654548.0
1658291,1634473.0
1658363,"1659248, 1657221.0"
1658499,1548753.0
1658542,1590474.0
1658615,1658576.0
1658740,1658062.0
1658781,"1641385, 1668742, 1668821, 1671824, 1679216"
1658890,1661458
1659067,1658999.0
1659069,1657050.0
1659096,1659241.0
1659241,"1659096, 1659295, 1659966"
1659282,1659284
1659284,1659282.0
1659295,1659241.0
1659321,1653647.0
1659331,1902597.0
1659332,"1248486, 1679567"
1659362,"1665967, 1667355, 1671227, 1674184, 1677040, 1679878, 1681662, 1688952"
1659374,1658062.0
1659533,1663405
1659812,1590474.0
1659951,1646529.0
1659966,1659241.0
1660022,1590474.0
1660256,1661229.0
1660597,1588155.0
1660610,1638565.0
1660673,1758465.0
1660746,1302391.0
1660812,1773314.0
1660871,1657837.0
1661229,1660256
1661337,1673446.0
1661420,1675507.0
1661458,1658890.0
1661703,1526866.0
1661891,1373187.0
1661924,1663914
1661953,1675859
1661992,217434.0
1662050,1662051
1662051,1662050.0
1662185,"1663272, 1663326"
1662221,1657837.0
1662285,"1665567, 1666467"
1662334,1675918.0
1662395,1657061
1662429,1464285.0
1662439,1663779
1662532,1590473.0
1662674,1590474.0
1662675,1646874.0
1662757,1662761
1662759,"1671010, 1675383, 1675407, 1679791, 1684353, 1697180, 1707419"
1662761,1662757.0
1662799,"1666364, 1666375"
1662965,1663870
1662967,1657493.0
1662972,1652290.0
1663033,1663427.0
1663272,1662185.0
1663282,67421.0
1663383,1562599.0
1663391,1691958
1663397,1663398
1663398,1663397.0
1663405,1659533.0
1663427,1663033
1663463,1657493.0
1663607,1663619
1663619,1663607.0
1663765,1719043.0
1663776,1663781.0
1663778,1663781.0
1663779,"1663782, 1662439.0"
1663781,"1663776, 1663778, 1663787, 1663999, 1664000"
1663782,1663779.0
1663787,1663781.0
1663874,1636388.0
1663914,1661924.0
1663935,"1665596, 1666180, 1666728, 1668854"
1663999,1663781.0
1664000,1663781.0
1664039,1674650.0
1664124,1607713.0
1664127,1667609
1664303,1328098.0
1664367,1647931.0
1664574,1381485.0
1664586,"764810, 894198, 1114768, 1678752"
1664590,1664607.0
1664607,"1664590, 1664721"
1664721,1664607.0
1664729,1684313.0
1664859,1652290.0
1664913,1665475.0
1664960,1315623.0
1665110,487832.0
1665173,1588155.0
1665340,1590474.0
1665382,1665577.0
1665470,1636766.0
1665526,1590474.0
1665551,1662090.0
1665567,1662285.0
1665596,1663935.0
1665770,1588155.0
1665772,1668989.0
1665778,1662090.0
1665811,1556261.0
1665848,1614384.0
1665861,"1665871, 1490598.0"
1665871,1665861.0
1665892,1660540.0
1665965,1666098
1665967,1659362.0
1665996,1662090.0
1666098,1665965.0
1666159,1665577.0
1666161,734971.0
1666180,1663935.0
1666215,1656278.0
1666311,1652290.0
1666324,1674591
1666364,1662799.0
1666375,1662799.0
1666467,1662285.0
1666497,"1296442, 1669243"
1666518,1662090.0
1666531,1365521.0
1666590,"1667428, 1512083.0"
1666642,1668989.0
1666718,1667754.0
1666728,1663935.0
1666847,1616514.0
1666858,1665476.0
1666876,1662090.0
1666948,619493.0
1666989,1667754.0
1667141,1670584
1667160,1679702.0
1667215,1662090.0
1667344,1698147
1667355,1659362.0
1667554,1665476.0
1667557,"1668032, 1668752"
1667559,1667558.0
1667586,1779825.0
1667592,1668470
1667595,1853923.0
1667609,1664127.0
1667618,11013.0
1667631,1668041
1667638,1548753.0
1667754,"1666718, 1666989, 1670215, 1671006"
1667946,1665577.0
1667966,1368996.0
1667988,1518126.0
1668032,1667557.0
1668041,1667631.0
1668042,1673380.0
1668086,"1881245, 1885579"
1668147,"1673089, 1674780, 1674781"
1668187,1665577.0
1668348,1720713.0
1668470,1667592.0
1668502,1674695
1668599,1665577.0
1668742,"1684784, 1658781.0"
1668752,1667557.0
1668774,1731198.0
1668821,1658781.0
1668854,1663935.0
1668865,1598190.0
1668989,"1665772, 1666642, 1668991, 1674167"
1668991,1668989.0
1669017,424219.0
1669018,1665577.0
1669034,135636.0
1669060,1672154
1669063,"1277391, 1679239, 1709530"
1669068,1666871.0
1669105,1685877.0
1669274,"1672612, 1674708, 1687044, 1688848, 1730414, 1738168, 1744267, 243258.0"
1669388,1671924
1669426,1645595.0
1669553,1768386.0
1669593,1287223.0
1669653,1490598.0
1669775,404255.0
1669828,1669829.0
1669829,1669828
1669927,1652984.0
1669954,1669955
1669955,1669954.0
1670006,"1670030, 1665577.0"
1670017,1670483
1670030,1670006.0
1670215,1667754.0
1670243,"1675559, 1681919, 1685462, 1692450, 1704254, 1707179, 1707532, 1707888, 1680843.0"
1670430,1590474.0
1670441,1612414.0
1670449,1669690.0
1670453,1342054.0
1670464,1682659
1670483,1670017.0
1670556,1659363.0
1670569,1590474.0
1670862,734971.0
1670934,734971.0
1671006,1667754.0
1671010,1662759.0
1671107,1636766.0
1671219,1590474.0
1671267,1637006.0
1671277,1671280
1671280,1671277.0
1671322,702130.0
1671481,1657988.0
1671585,355205.0
1671772,992569.0
1671809,1174797.0
1671814,437846.0
1671824,1658781.0
1671924,1669388.0
1671925,1674954.0
1671966,1665577.0
1672154,1669060.0
1672226,1559448.0
1672420,"1672498, 1672540, 1672833"
1672498,1672420.0
1672540,1672420.0
1672612,1669274.0
1672667,1673253
1672833,1672420.0
1672915,1666073.0
1672977,1675856
1673089,1668147.0
1673112,1665476.0
1673142,1590474.0
1673205,1673578
1673253,1672667.0
1673289,1590471.0
1673380,1668042
1673384,318697.0
1673446,"1661337, 1679393, 1682880"
1673578,1673205.0
1673579,1674937.0
1673831,1260698.0
1673926,752844.0
1673928,546925.0
1673958,1681981
1674054,"1675780, 1684390"
1674132,1728744.0
1674167,1668989.0
1674184,1659362.0
1674407,1653497
1674542,1681960.0
1674585,1665476.0
1674591,1666324.0
1674650,"1664039, 1674652"
1674652,1674650.0
1674660,1655542
1674678,1556261.0
1674695,1668502.0
1674708,1669274.0
1674717,561970.0
1674780,1668147.0
1674781,1668147.0
1674830,1731436
1674937,1673579
1674954,"1671925, 1728517"
1675012,1653698
1675382,1591730.0
1675383,1662759.0
1675407,1662759.0
1675522,1566458.0
1675559,1670243.0
1675697,1677380.0
1675780,1674054.0
1675784,1679299.0
1675856,1672977.0
1675859,1661953.0
1675880,1675970.0
1675942,1777767.0
1675944,1675970.0
1675970,"1675880, 1675944, 1675974, 1676023, 1676042, 1676354, 1676420, 1676436, 1676598, 1676613, 1676652, 1677702"
1675974,1675970.0
1675983,271917.0
1676012,275804.0
1676023,1675970.0
1676042,1675970.0
1676205,1365521.0
1676254,318697.0
1676341,1556261.0
1676354,1675970.0
1676420,1675970.0
1676436,1675970.0
1676473,1652290.0
1676534,78858.0
1676596,1483485.0
1676598,1675970.0
1676613,1675970.0
1676652,1675970.0
1676722,543416.0
1676928,1741697
1676931,1634062.0
1677040,1659362.0
1677101,1694264.0
1677155,1663169.0
1677214,1668478.0
1677248,"1589968, 1691989, 1728307"
1677272,"1678952, 1686193"
1677355,1625632.0
1677357,1655543.0
1677380,"1675697, 1679362"
1677504,1588155.0
1677702,1675970.0
1677751,1678856.0
1677795,1283683.0
1677871,1630720.0
1678029,1678803
1678722,1174797.0
1678724,1675507.0
1678752,1664586.0
1678803,1678029.0
1678908,567507.0
1678952,1677272.0
1678974,1648014.0
1679085,1604906.0
1679113,"1679410, 1679976"
1679185,1678856.0
1679216,1658781.0
1679239,1669063.0
1679240,1675507.0
1679295,1680989.0
1679330,1679278.0
1679362,1677380.0
1679393,1673446.0
1679410,1679113.0
1679441,"1681710, 427007.0"
1679464,1645361
1679567,1659332.0
1679614,1679626.0
1679626,1679614
1679702,"854067, 1667160, 1750876, 1830744"
1679791,1662759.0
1679878,1659362.0
1679976,1679113.0
1680033,1679278.0
1680086,1625632.0
1680256,1548753.0
1680300,1566458.0
1680492,1680914.0
1680608,1653851
1680843,1670243
1680888,506526.0
1680914,1680492
1680983,1559448.0
1680989,1679295
1681188,1715405.0
1681365,"1682577, 1680084.0"
1681373,1652274.0
1681477,375717.0
1681489,"1733445, 1741126, 1483485.0"
1681520,1666296.0
1681575,"1682897, 1684452"
1681662,1659362.0
1681710,1679441.0
1681826,61815.0
1681919,1670243.0
1681946,538809.0
1681960,"1674542, 1797067, 1935837"
1681981,1673958.0
1682023,1682308
1682052,1648014.0
1682101,1685977
1682184,1566458.0
1682308,1682023.0
1682577,1681365.0
1682659,1670464.0
1682708,1670187.0
1682880,1673446.0
1682897,1681575.0
1682984,1684847
1683059,1692279.0
1683162,1588155.0
1683324,1656652.0
1683472,1692497.0
1683542,1683548.0
1683548,"1683542, 1683607"
1683607,1683548.0
1683714,1713446
1683959,1260698.0
1684036,1677479.0
1684166,1673201.0
1684211,1851428.0
1684237,1684598
1684273,1357365.0
1684277,209501.0
1684292,1685668
1684327,1707408.0
1684345,1666296.0
1684353,1662759.0
1684385,1211128.0
1684390,1674054.0
1684452,1681575.0
1684614,437846.0
1684669,1689060.0
1684779,494857.0
1684783,135636.0
1684784,1668742.0
1684847,1682984.0
1684992,1215933.0
1684995,1688003
1685219,1634341.0
1685223,1634341.0
1685414,"1779401, 1780083, 1808020"
1685462,1670243.0
1685815,1556261.0
1685855,1483485.0
1685877,1669105
1686000,1588155.0
1686010,196584.0
1686132,1620426
1686193,1677272.0
1686429,1684772.0
1687044,1669274.0
1687247,1174797.0
1687435,"1687494, 1687497, 1687514, 1687950"
1687494,1687435.0
1687497,1687435.0
1687514,1687435.0
1687655,1807063.0
1687725,1406868.0
1687758,1606275
1687847,1687937
1687930,1658188.0
1687937,1687847.0
1687950,1687435.0
1688003,1684995.0
1688333,1230974.0
1688336,"1688417, 1688898"
1688385,1652290.0
1688411,1688433.0
1688417,1688336.0
1688433,1688411
1688464,1588155.0
1688493,135636.0
1688612,1707408.0
1688659,1796180
1688738,1688755
1688755,1688738.0
1688848,1669274.0
1688898,1688336.0
1688952,1659362.0
1688964,1688853.0
1689029,1690151
1689808,1821950
1689838,1681153.0
1689845,"1734263, 1738707"
1689934,1692884
1689975,1686466.0
1690085,1691060.0
1690118,"1690432, 1690465"
1690151,1689029.0
1690380,1690381.0
1690381,"1690380, 1548753.0"
1690411,1562896.0
1690432,1690118.0
1690463,506526.0
1690465,1690118.0
1690657,460737.0
1690699,1767388.0
1690777,917886.0
1690788,1739789.0
1690890,1693665.0
1690900,"1691460, 1692201, 1692495"
1690970,1692338
1690987,"1710608, 1725440"
1691060,1690085
1691179,953315.0
1691255,1602901.0
1691267,1691268.0
1691285,1691290
1691290,1691285.0
1691301,"1857016, 1916138, 1919240"
1691958,1663391.0
1691989,1677248.0
1692001,1786813.0
1692003,1689969.0
1692201,1690900.0
1692279,1683059
1692335,140800.0
1692348,1559448.0
1692399,"1693153, 1716701"
1692439,1774828
1692450,1670243.0
1692495,1690900.0
1692496,1709412.0
1692677,1693435
1692805,1686466.0
1692884,1689934.0
1692907,673703.0
1692975,1695995
1693153,1692399.0
1693273,1693274
1693274,1693273.0
1693612,1693263.0
1693772,1693773
1693773,1693772.0
1694173,1698940
1694434,1670901.0
1694549,"1778811, 1804188"
1694592,1556261.0
1694690,1706191.0
1694753,689067.0
1694934,67421.0
1695144,263114.0
1695478,"1695536, 1695629, 1695834, 1695897, 1695905, 1695915, 1695939, 1695955, 1696143, 1696255"
1695529,"1700441, 1745546"
1695596,1745592
1695629,1695478.0
1695709,1260698.0
1695834,1695478.0
1695897,1695478.0
1695905,1695478.0
1695909,1625632.0
1695915,1695478.0
1695939,1695478.0
1695955,1695478.0
1695995,1692975.0
1696012,1660225.0
1696143,1695478.0
1696218,1696900
1696255,1695478.0
1696900,1696218.0
1697180,1662759.0
1697289,760412.0
1697826,1524247.0
1697882,1700276
1697999,1753479
1698034,261841.0
1698140,"1729922, 1732045, 1735585, 1737408, 1740759, 1743585, 1743801, 1745232, 1749905, 1751502, 1775496, 1783679"
1698147,1667344.0
1698155,1707008
1698269,1694339.0
1698635,1705298
1698744,229736.0
1698787,1625632.0
1699431,1722747
1699514,"1705841, 1707029, 1717826, 1729234, 1732387, 1732806, 1732950, 1715740.0"
1699641,1241524.0
1699819,1700045.0
1700045,1699819
1700279,1615847
1700441,1695529.0
1700939,1690395.0
1700995,1566458.0
1701224,420516.0
1701389,1706099
1701432,1516423.0
1701473,1667692.0
1701496,561328.0
1701786,1612456.0
1701801,1563452.0
1701898,266434.0
1701964,1690395.0
1702015,1707408.0
1702274,1516423.0
1702639,1678856.0
1702741,1704207
1702785,1701268.0
1702834,464436.0
1702852,1702957.0
1702957,1702852
1703068,1712980.0
1703187,813881
1703628,1625632.0
1703935,1693019.0
1703988,1705893
1704036,566628.0
1704254,1670243.0
1704369,1701172.0
1704810,1039177.0
1705272,"1705756, 1706926"
1705298,1698635.0
1705756,1705272.0
1705841,1699514.0
1705893,1703988.0
1705896,544580.0
1705914,1845794.0
1705939,357480.0
1706099,1701389.0
1706191,1694690
1706202,1700834.0
1706203,747436.0
1706611,1789623.0
1706926,1705272.0
1707008,1698155.0
1707029,1699514.0
1707087,1705312.0
1707179,1670243.0
1707187,1708708
1707247,1697610.0
1707273,"1707355, 1707619"
1707295,1690395.0
1707339,1739203
1707340,1705274.0
1707355,1707273.0
1707362,1548753.0
1707408,"1684327, 1688612, 1702015"
1707419,1662759.0
1707428,266434.0
1707433,531777.0
1707520,458570.0
1707532,1670243.0
1707619,1707273.0
1707803,1707178.0
1707847,1705351.0
1707864,1707178.0
1707888,1670243.0
1708164,92165.0
1708269,1707178.0
1708279,1707178.0
1708283,1709370
1708485,1675918.0
1708526,1719597.0
1708620,1707178.0
1708708,1707187.0
1708712,628646.0
1708736,1402550.0
1708745,1712600
1708746,1652290.0
1708950,266434.0
1709093,1360155.0
1709245,530608.0
1709258,1707178.0
1709370,1708283.0
1709412,1692496
1709489,1722126.0
1709503,1712475.0
1709530,1669063.0
1709673,1707178.0
1709714,1707178.0
1709914,1707178.0
1710282,448876.0
1710505,1718492.0
1710537,1729226
1710608,"1725302, 1690987.0"
1711010,1406868.0
1711481,1528932.0
1711558,"1712343, 1712455, 1718767, 1722207, 1726099, 1732170"
1711867,737884.0
1711873,1697252.0
1712343,1711558.0
1712420,1373940.0
1712455,1711558.0
1712475,1709503
1712528,1723935
1712973,570589.0
1712980,"1703068, 1726561, 1732573, 1734412"
1713077,780124.0
1713216,1588155.0
1713446,1683714.0
1713540,1692100.0
1713759,1715361.0
1714186,570442.0
1714222,1592606.0
1714230,1672047.0
1714325,"1714901, 1715217, 1715491"
1714389,1716027
1714490,1566458.0
1714572,"1661239, 1714772, 1724484"
1714772,1714572.0
1714901,1714325.0
1715217,1714325.0
1715270,604686
1715352,1714878.0
1715405,"782781, 1681188"
1715491,1714325.0
1715740,"1699514, 1719917, 1729989, 1735450, 1736846, 1737324, 1741432"
1716027,1714389.0
1716239,1694264.0
1716240,1722247
1716605,1760108.0
1716691,1716953
1716701,1692399.0
1716744,1652290.0
1716763,1365521.0
1716876,942615.0
1716953,1716691.0
1717175,532712.0
1717236,1616988
1717307,1743278
1717573,1402550.0
1717753,1047229.0
1717826,1699514.0
1718001,126022.0
1718058,1720713.0
1718260,1175168.0
1718411,1685824
1718437,1362539.0
1718492,1710505
1718544,1566458.0
1718731,1524247.0
1718767,1711558.0
1718801,1566458.0
1718862,1735508.0
1718947,1748421
1719043,"1643496, 1663765, 1767860"
1719094,1607872.0
1719125,1655225.0
1719597,1708526
1719611,1260698.0
1719917,1715740.0
1720017,1719985.0
1720038,1720041.0
1720041,1720038
1720042,95087
1720234,1720238.0
1720238,1720234
1720257,"1739076, 1741574, 1748712, 1753793, 1780147, 1827087, 1830455"
1720258,1516423.0
1720348,"1733409, 1738575"
1720397,1714639.0
1720640,1715361.0
1720713,"1668348, 1697649, 1718058, 1721136, 1721185, 1721222, 1721573, 1721610, 1721815, 1722012"
1720794,1655236
1720967,1718119.0
1721063,"1727593, 1729156"
1721087,1721097
1721097,1721087.0
1721136,1720713.0
1721185,1720713.0
1721222,1720713.0
1721264,1738389
1721389,1721682.0
1721469,1721704
1721573,1720713.0
1721695,1721801.0
1721704,1721469.0
1721749,"1727509, 1748010"
1721801,"1721695, 1725576, 1725945, 1726033, 1726166, 1726178, 1726215, 1726365, 1726826"
1721815,1720713.0
1722012,1720713.0
1722079,1722374.0
1722125,288896.0
1722126,"1709489, 1722785"
1722132,318697.0
1722207,1711558.0
1722247,1716240.0
1722255,1722231.0
1722256,1731647
1722374,1722079
1722747,1699431.0
1722785,1722126.0
1722916,1723074
1722938,1723472
1723074,1722916.0
1723262,1723166.0
1723267,1722870
1723472,1722938.0
1723526,1723527
1723527,1723526.0
1723562,1724753.0
1723645,1735049
1723772,289644.0
1723927,1723939.0
1723935,1712528.0
1723939,1723927
1724701,1724698.0
1724704,1724698.0
1724753,1723562
1725127,"1791437, 1858917, 1866424, 1867957, 1869331, 1870914, 1874085, 1875538, 1875596, 1879748"
1725144,1727988
1725237,"1725392, 1725559, 1726161"
1725302,1710608.0
1725392,1725237.0
1725440,1690987.0
1725559,1725237.0
1725562,1690395.0
1725576,1721801.0
1725630,1733195.0
1725682,1727279
1725690,760412.0
1725737,1727727
1725849,1524076.0
1725944,1701728.0
1725945,1721801.0
1725955,"1726651, 1727513, 1727939, 1737787, 1737855, 1642415.0"
1726033,1721801.0
1726099,1711558.0
1726134,"1753943, 1768835"
1726161,1725237.0
1726166,1721801.0
1726178,1721801.0
1726215,1721801.0
1726280,1726763
1726301,1726442.0
1726341,"1730540, 1733865, 1735185"
1726350,1728926
1726365,1721801.0
1726464,"1726467, 1741391"
1726467,1726464.0
1726483,1727062.0
1726490,546390.0
1726543,1726433.0
1726561,1712980.0
1726572,1726532.0
1726651,1725955.0
1726731,1726433.0
1726763,1726280.0
1726774,1733309.0
1726779,1735043.0
1726826,1721801.0
1726894,1744820
1726930,1728198
1727035,346341.0
1727062,"1726483, 1734677, 1735189, 1735342, 1735438"
1727086,1727061.0
1727107,1737272
1727169,1796145
1727175,1690395.0
1727202,1797054
1727230,1727772
1727279,1725682.0
1727283,752844.0
1727366,"1729844, 1730178"
1727378,1752280.0
1727409,1487435.0
1727509,"1741598, 1743167, 1721749.0"
1727513,1725955.0
1727612,1738462
1727677,1483485.0
1727727,1725737.0
1727737,1729050
1727758,1690395.0
1727772,1727230.0
1727865,"1730183, 1735662, 1735673, 1736399, 1737730.0"
1727920,1670416.0
1727931,"1728778, 1802129"
1727939,1725955.0
1727945,1730815
1727951,1747987
1727988,1725144.0
1728198,1726930.0
1728302,1727055.0
1728307,1677248.0
1728314,1673152.0
1728517,1674954.0
1728519,1726442.0
1728563,1728564.0
1728564,1728563
1728712,1728948
1728744,"1674132, 1737922, 1739051, 1739178, 1739628, 1741523, 1741571, 1741681, 1742054, 1742222, 1742273, 1742432, 1742550, 1742858, 1743109, 1743283, 1743294, 1744058"
1728926,1726350.0
1729027,1666085.0
1729050,1727737.0
1729079,826662.0
1729127,1727061.0
1729146,1642415.0
1729198,"1731646, 1738008"
1729202,1729200
1729226,1710537.0
1729234,1699514.0
1729268,1727055.0
1729437,"1731072, 1731531, 1736818"
1729562,1701728.0
1729593,1788200
1729663,1737386.0
1729693,1690395.0
1729697,1745609
1729741,1729747
1729747,1729741.0
1729793,1727055.0
1729844,1727366.0
1729872,1690395.0
1729922,1698140.0
1729965,1737469
1729989,1715740.0
1730153,1730678
1730178,1727366.0
1730183,1727865.0
1730330,"1730336, 1730337, 1730339"
1730414,1669274.0
1730540,"1730558, 1731040, 1726341.0"
1730558,1730540.0
1730658,1727055.0
1730676,1734847.0
1730678,1730153.0
1730693,1722597.0
1730815,1727945.0
1730990,928365.0
1731040,1730540.0
1731044,1715361.0
1731048,1754097.0
1731072,1729437.0
1731109,1710044
1731174,1175168.0
1731183,"1734483, 1736199, 1740180, 1740574"
1731354,1584861.0
1731436,1674830.0
1731456,"1732744, 1738403"
1731474,697031.0
1731518,1742412
1731646,1729198.0
1731654,1739789.0
1731851,279838.0
1731934,1752524
1732039,1860754.0
1732045,1698140.0
1732170,1711558.0
1732387,1699514.0
1732402,1633908.0
1732451,573158.0
1732480,"1741113, 1741805.0"
1732515,1735661
1732553,1778025
1732558,1738593
1732573,1712980.0
1732583,1724057.0
1732744,1731456.0
1732806,1699514.0
1732903,1733088
1732950,1699514.0
1733060,"1734686, 1735068, 1735529"
1733088,1732903.0
1733195,1725630
1733409,1720348.0
1733438,1772723
1733445,1681489.0
1733662,1751657
1733782,1735179
1733804,1804911
1733838,1732301.0
1733846,1734019.0
1733865,1726341.0
1734019,1733846
1734192,1746123
1734224,1857694.0
1734263,1689845.0
1734337,1734338
1734338,1734337.0
1734395,1690395.0
1734412,1712980.0
1734428,"1737742, 1739616"
1734449,1622181.0
1734483,1731183.0
1734577,1735506
1734653,1690395.0
1734686,1733060.0
1734825,"1734908, 1734843.0"
1734878,1708981.0
1734908,1734825.0
1734912,1736285
1734938,1512053.0
1734967,1733686.0
1734977,1729459.0
1734990,1429491.0
1734995,1690395.0
1735043,1726779
1735049,1723645.0
1735068,1733060.0
1735179,1733782.0
1735185,1726341.0
1735189,1727062.0
1735215,1736249.0
1735382,1616753.0
1735438,1727062.0
1735450,1715740.0
1735506,1734577.0
1735508,"1718862, 1736754"
1735529,1733060.0
1735531,"1745599, 1752016"
1735580,1734847.0
1735585,1698140.0
1735661,1732515.0
1735662,1727865.0
1735673,1727865.0
1735702,1627901.0
1735799,1736039.0
1735818,1685007.0
1735938,1740110
1736168,1690395.0
1736176,1738507.0
1736178,1734843.0
1736194,1739415
1736199,1731183.0
1736249,"1735215, 1736349, 1740022, 1743414, 1747486"
1736285,1734912.0
1736289,1737779
1736337,"1756677, 1774582"
1736349,1736249.0
1736369,1736384.0
1736399,1727865.0
1736450,1175168.0
1736754,1735508.0
1736812,1606357.0
1736818,1729437.0
1736845,1739072
1736877,1736949.0
1736911,1739033.0
1736917,1734847.0
1736926,494752.0
1737031,314861.0
1737099,1739789.0
1737216,1568355.0
1737324,"1737463, 1715740.0"
1737363,1720556.0
1737382,1596448.0
1737386,"1729663, 1737580, 1738059"
1737391,1783092
1737408,1698140.0
1737447,1737779.0
1737463,1737324.0
1737469,1729965.0
1737487,1734847.0
1737511,1727061.0
1737512,1715361.0
1737580,1737386.0
1737586,1690395.0
1737637,1742379
1737711,1738258
1737730,"1727865, 1738035, 1738844, 1739059, 1741321, 1741622, 1742627"
1737742,1734428.0
1737767,"1737791, 1738254, 1738280"
1737769,760412.0
1737779,"1737447, 1736289.0"
1737787,1725955.0
1737791,1737767.0
1737823,543416.0
1737855,1725955.0
1737856,1737858
1737858,1737856.0
1737922,1728744.0
1737950,1690395.0
1738008,1729198.0
1738031,1744479
1738035,1737730.0
1738039,1738046.0
1738046,1738039
1738059,1737386.0
1738105,1734847.0
1738131,1732734.0
1738155,1734847.0
1738168,1669274.0
1738195,1735601.0
1738254,1737767.0
1738258,1737711.0
1738269,1753093.0
1738280,1737767.0
1738281,1751288.0
1738287,1734847.0
1738389,1721264.0
1738403,1731456.0
1738462,1727612.0
1738490,1740540
1738507,1736176
1738541,1732734.0
1738582,1738886
1738593,1732558.0
1738603,1738604.0
1738604,1738603
1738629,1734773.0
1738707,1689845.0
1738844,1737730.0
1738886,1738582.0
1739033,"1736911, 1740311"
1739051,1728744.0
1739072,1736845.0
1739075,1739414.0
1739076,1720257.0
1739116,1691268.0
1739175,958088.0
1739178,1728744.0
1739203,1707339.0
1739297,1732734.0
1739309,1326020.0
1739405,433181.0
1739414,"1739075, 1739789.0"
1739419,1751290.0
1739521,734971.0
1739574,1740711.0
1739585,1566458.0
1739616,1734428.0
1739628,1728744.0
1739739,"1767111, 1783443"
1739748,1712665.0
1739789,"1690788, 1731654, 1737099, 1739414, 1741874, 1742277"
1739850,1735417.0
1739871,1734847.0
1739901,1692760.0
1739904,1692760.0
1739969,92165.0
1740022,1736249.0
1740110,1735938.0
1740148,1734847.0
1740287,1734847.0
1740311,1739033.0
1740312,1840734
1740319,1742975.0
1740320,1732809.0
1740386,1690395.0
1740486,"1745221, 1777454.0"
1740540,1738490.0
1740574,1731183.0
1740711,"1739574, 1744880"
1740741,1745007.0
1740759,1698140.0
1740780,1738458.0
1740846,1734847.0
1740876,318697.0
1740884,1735601.0
1740911,1735601.0
1740938,318697.0
1740976,574986.0
1741095,"1741416, 1741577, 1741592"
1741126,1681489.0
1741249,1734847.0
1741348,1735601.0
1741391,1726464.0
1741416,1741095.0
1741432,1715740.0
1741478,1734847.0
1741510,"1742924, 1741820.0"
1741523,1728744.0
1741571,1728744.0
1741574,1720257.0
1741577,1741095.0
1741591,1566458.0
1741592,1741095.0
1741598,1727509.0
1741681,1728744.0
1741697,1676928.0
1741720,1730065.0
1741820,1741510
1741821,1741819.0
1741846,1741805.0
1741874,1739789.0
1742049,1734847.0
1742054,1728744.0
1742101,"1735417, 1750223, 1754438, 1755501"
1742171,1741984
1742222,1728744.0
1742231,1741805.0
1742273,1728744.0
1742277,1739789.0
1742304,1622181.0
1742374,1838873
1742379,1737637.0
1742412,1731518.0
1742432,1728744.0
1742441,376121.0
1742550,1728744.0
1742627,1737730.0
1742651,1788609.0
1742688,1556261.0
1742782,1742794.0
1742794,1742782
1742833,1741805.0
1742858,1728744.0
1742924,1741510.0
1743085,1834801.0
1743104,408114.0
1743109,1728744.0
1743138,"1748119, 1749708"
1743167,1727509.0
1743278,1717307.0
1743283,1728744.0
1743294,1728744.0
1743414,1736249.0
1743585,1698140.0
1743794,1764652.0
1743801,1698140.0
1743856,1742975.0
1744058,1728744.0
1744080,1260698.0
1744107,"1774769, 1803349"
1744236,1744233.0
1744259,"1745690, 1745713, 1747588"
1744267,1669274.0
1744393,1742158.0
1744447,1734847.0
1744479,1738031.0
1744703,1642415.0
1744742,1642415.0
1744761,1652274.0
1744766,1715361.0
1744776,1741805.0
1744816,173551.0
1744820,1726894.0
1745007,"1740741, 1749700, 1764726, 1765641, 1791616, 1792709, 1815288"
1745205,1504831
1745221,1740486.0
1745232,1698140.0
1745546,1695529.0
1745571,"1791238, 1792415"
1745592,1695596.0
1745599,1735531.0
1745609,1729697.0
1745690,1744259.0
1745702,1747909.0
1745713,1744259.0
1746123,1734192.0
1746247,1017768.0
1746346,92165.0
1746761,1746774.0
1746823,1747134
1747134,1746823.0
1747360,"1747886, 1748617, 1751167"
1747361,1749757.0
1747588,1744259.0
1747670,1747828.0
1747828,"1747670, 1748854"
1747886,1747360.0
1747909,1745702
1747977,"1748442, 1750757, 1752151"
1747987,1727951.0
1748010,1721749.0
1748074,1748084
1748084,1748074.0
1748119,1743138.0
1748132,1748133
1748133,1748132.0
1748419,1507585.0
1748421,1718947.0
1748442,1747977.0
1748601,427007.0
1748612,1824889.0
1748617,1747360.0
1748712,1720257.0
1748739,1749757.0
1748746,1804528
1748806,1749757.0
1748854,1747828.0
1749005,246640.0
1749142,1794408
1749220,294632.0
1749272,1729652.0
1749343,1753506
1749466,1607713.0
1749534,485268.0
1749538,1753825
1749667,1749768
1749700,1745007.0
1749701,1779070.0
1749708,1743138.0
1749757,"1747361, 1748739, 1748806, 1749778, 1750029, 1751874, 1751900, 1753072"
1749768,1749667.0
1749778,1749757.0
1749921,1876926
1750029,1749757.0
1750201,408114.0
1750318,"1751104, 1747320.0"
1750503,977562.0
1750655,"1666871, 1757553"
1750741,1750745.0
1750757,1747977.0
1750876,1679702.0
1751104,1750318.0
1751133,1755967
1751167,1747360.0
1751282,1784119
1751288,1738281
1751289,1823301
1751418,261841.0
1751419,35308.0
1751502,1698140.0
1751540,1792403.0
1751579,1764949
1751657,1733662.0
1751694,1756720.0
1751874,1749757.0
1751898,1752915.0
1751900,1749757.0
1751978,1772745
1752016,1735531.0
1752070,1834943
1752104,"1763829, 1769341, 1770933"
1752151,1747977.0
1752180,1733477.0
1752195,1637575.0
1752280,"1727378, 1758571, 1767416, 1775044"
1752524,1731934.0
1752569,162008.0
1752746,1752752.0
1752752,"1752746, 1752929"
1752842,1752397.0
1752915,"1751898, 1761962"
1752929,1752752.0
1752950,1752997.0
1752997,1752950
1753072,1749757.0
1753101,1752397.0
1753224,1753213.0
1753331,1766073.0
1753479,1697999.0
1753506,1749343.0
1753793,1720257.0
1753825,1749538.0
1753865,1753002.0
1753943,1726134.0
1753968,1754369
1754055,"1755207, 1757496"
1754097,1731048
1754386,318697.0
1754581,1712104.0
1754794,1766607
1754833,1834479.0
1754847,1755867
1755207,1754055.0
1755250,1755251
1755251,1755250.0
1755252,1755253
1755253,1755252.0
1755501,1742101.0
1755576,1800423.0
1755867,1754847.0
1755922,1762751
1755967,1751133.0
1756016,1759911.0
1756266,710682
1756293,1495295.0
1756318,1745796.0
1756453,1750768.0
1756677,1736337.0
1756989,752844.0
1757101,"1760934, 1762341"
1757496,1754055.0
1757544,683651.0
1758025,944942.0
1758297,1762126.0
1758338,550286.0
1758360,"1759280, 1763942, 1766419"
1758401,1671042.0
1758465,"1660673, 1758343"
1758571,1752280.0
1759280,1758360.0
1759335,1649789
1759352,1602481.0
1759721,1602397.0
1759911,1756016
1760108,1716605
1760196,1759372.0
1760201,573325.0
1760307,1759372.0
1760425,1759372.0
1760447,520115.0
1760458,404856.0
1760934,1757101.0
1761466,1607713.0
1761946,"1762251, 1904150"
1761962,1752915.0
1762341,1757101.0
1762751,1755922.0
1762797,1768121.0
1762888,1607713.0
1763164,1742975.0
1763400,955007.0
1763601,1764718
1763729,1553439.0
1763829,1752104.0
1763942,1758360.0
1763944,1201273.0
1764193,1764698.0
1764381,1763641.0
1764474,942615.0
1764519,1776430
1764718,1763601.0
1764726,1745007.0
1764780,1764892
1764865,"1779668, 1790302"
1764892,1764780.0
1764949,1751579.0
1765577,1777285.0
1765641,1745007.0
1765818,1803272.0
1766073,1753331
1766119,"1823116, 1856906"
1766148,1774555
1766150,1566458.0
1766419,1758360.0
1766607,1754794.0
1766837,408114.0
1766897,1260698.0
1767111,1739739.0
1767284,1763641.0
1767416,1752280.0
1767441,"1767804, 1767845, 1768068, 1768327"
1767622,1659076.0
1767804,1767441.0
1767845,1767441.0
1767860,1719043.0
1767958,1767959
1767959,1767958.0
1768068,1767441.0
1768121,1762797
1768327,1767441.0
1768682,1566458.0
1768728,1724841.0
1769087,1771575.0
1769270,1769449
1769306,1760483.0
1769341,1752104.0
1769449,1769270.0
1769462,942615.0
1769606,180997.0
1769718,1775493.0
1770105,1783808
1770373,1777738.0
1770686,1769094.0
1770802,1748416.0
1770933,1752104.0
1771575,1769087
1771700,1778922
1771720,1776639.0
1771828,1776372.0
1771829,1753303
1772020,1789290
1772118,1608773.0
1772287,1772064.0
1772559,1772583.0
1772583,"1772559, 1772706"
1772677,1777778
1772706,1772583.0
1772745,1751978.0
1772790,1772791
1772791,1772790.0
1772891,"1772971, 1779507"
1772971,1772891.0
1773107,1293983.0
1773123,1789261
1773392,"1777639, 1777777, 1778851"
1773401,"1780519, 1780995"
1773405,1773314.0
1773422,954572.0
1773611,1898648
1773643,1773259.0
1773647,1742975.0
1773672,1777703
1773678,"1774105, 1774276"
1774105,1773678.0
1774126,1748416.0
1774191,1096167.0
1774276,1773678.0
1774455,"1790006, 1916209, 1918840"
1774571,1774968
1774582,1736337.0
1774599,1674359.0
1774769,1744107.0
1774828,1692439.0
1774968,1774571.0
1774991,"1777845, 1778877"
1775044,1752280.0
1775077,1824349
1775177,1846127.0
1775273,1778485
1775349,1778164.0
1775376,1790746.0
1775404,1775467
1775427,646168.0
1775467,1775404.0
1775493,1769718
1775496,1698140.0
1775641,1702771.0
1776108,1777323.0
1776261,1780988
1776372,1771828
1776430,1764519.0
1776447,1761555.0
1776625,1778793
1776688,1777665.0
1776727,"1777766, 1778003, 1779273"
1776728,288896.0
1777116,1645217.0
1777156,1783047
1777214,"1777304, 1777329, 1777350, 1778215, 1779025"
1777283,1777561
1777285,"1765577, 1780142"
1777304,1777214.0
1777323,1776108
1777329,1777214.0
1777336,"1778153, 1778511, 1780448"
1777350,1777214.0
1777435,741566.0
1777454,"1740486, 1777776, 1778081, 1778353"
1777495,"1779385, 1779450, 1779624"
1777543,1777920.0
1777561,1777283.0
1777584,1732965.0
1777606,1796002
1777610,1777504.0
1777617,"1778842, 574986.0"
1777622,1779260
1777639,1773392.0
1777648,954572.0
1777683,"1777858, 1778084, 1778251, 1778540, 1778727, 1778840, 1778898, 1779399"
1777703,1773672.0
1777714,1778576.0
1777717,1783615
1777727,1777439.0
1777731,1773822.0
1777738,"1770373, 1777912, 1778453, 1778703, 1778757, 1778917, 1778966, 1779407, 1779455, 1779741, 1779780, 1779991, 1780122, 1781011, 1783916"
1777749,1777780.0
1777767,"1675942, 1778716, 1783766"
1777774,1777771.0
1777776,"1778814, 1777454.0"
1777777,1773392.0
1777778,1772677.0
1777780,1777749
1777815,1211128.0
1777847,1778958.0
1777858,1777683.0
1777878,1777953.0
1777884,1585560.0
1777899,1778804.0
1777912,1777738.0
1777913,"1778870, 1783797"
1777920,1777543
1777941,377573.0
1777953,"1777878, 1779802"
1778000,1793400
1778001,1770852.0
1778010,1778725.0
1778025,1732553.0
1778046,1777990.0
1778054,1778725.0
1778080,"1779534, 1784773"
1778081,"1779892, 1777454.0"
1778084,1777683.0
1778111,1779392
1778215,1777214.0
1778251,1777683.0
1778353,1777454.0
1778380,"1787608, 1790341"
1778446,1866951.0
1778448,1777990.0
1778470,1778804.0
1778485,1775273.0
1778495,122519.0
1778511,1777336.0
1778538,1778546.0
1778540,1777683.0
1778546,1778538
1778570,1777990.0
1778683,"1790672, 1858221"
1778703,1777738.0
1778716,1777767.0
1778727,1777683.0
1778757,1777738.0
1778793,1776625.0
1778804,"1777899, 1778470"
1778811,1694549.0
1778814,1777776.0
1778840,1777683.0
1778842,1777617.0
1778851,1773392.0
1778870,1777913.0
1778871,1779781
1778877,1774991.0
1778887,1773879.0
1778898,1777683.0
1778917,1777738.0
1778922,1771700.0
1778958,"1777847, 1779520"
1778966,1777738.0
1778979,1784339
1779025,1777214.0
1779041,1789929
1779260,1777622.0
1779385,1777495.0
1779392,1778111.0
1779399,1777683.0
1779401,1685414.0
1779407,1777738.0
1779445,1790511
1779507,1772891.0
1779520,1778958.0
1779534,1778080.0
1779668,1764865.0
1779702,1781005
1779781,1778871.0
1779785,1782420
1779786,1777754
1779802,1777953.0
1779814,1781076.0
1779892,1778081.0
1779991,1777738.0
1780142,1777285.0
1780147,1720257.0
1780216,"1780217, 574986.0"
1780217,1780216.0
1780519,1773401.0
1780593,1568355.0
1780705,793353.0
1780827,689067.0
1780909,"1781114, 1785076"
1780941,1789213.0
1780963,1790254
1780995,1773401.0
1781005,1779702.0
1781076,1779814
1781114,1780909.0
1781210,1773710.0
1781792,1790314
1782016,752844.0
1782051,1778576.0
1782076,1791339
1782173,"1792601, 1793490"
1782370,1783548
1782392,"1783871, 1783905"
1782397,1805891
1782418,1785236
1782420,1779785.0
1782608,1809846
1782707,1778464.0
1782719,"1787606, 1787668"
1782725,1784774
1782735,1779613.0
1782912,1790715
1782970,1782972.0
1783047,1777156.0
1783091,1789793.0
1783092,1737391.0
1783172,1819281.0
1783435,1773848.0
1783443,1739739.0
1783548,1782370.0
1783551,1773848.0
1783559,1787998
1783615,1777717.0
1783679,1698140.0
1783766,1777767.0
1783797,1777913.0
1783808,1770105.0
1783871,1782392.0
1783878,1783552.0
1783916,1777738.0
1784047,1644038.0
1784119,1751282.0
1784313,1784854
1784339,1778979.0
1784353,1779306.0
1784429,1783909.0
1784555,195716.0
1784739,1773314.0
1784773,1778080.0
1784774,1782725.0
1784779,1837622
1784801,619493.0
1784854,1784313.0
1784962,1814823.0
1785076,1780909.0
1785236,1782418.0
1785280,496789.0
1785808,1755700.0
1785812,1785915
1785915,1785812.0
1786181,1783909.0
1786300,1786302.0
1786302,1786300
1786438,1566458.0
1786611,700237.0
1786677,1786678
1786678,1786677.0
1786835,1625632.0
1786920,"1787317, 1791215, 1791794, 1792878, 1792879, 1794082"
1786988,1798874
1787251,460737.0
1787264,1799629
1787375,369068.0
1787394,184490.0
1787531,"1788263, 1791434"
1787533,1803007
1787606,1782719.0
1787608,1778380.0
1787639,861788.0
1787668,1782719.0
1787725,61815.0
1787998,1783559.0
1788015,1783909.0
1788082,1787955.0
1788086,"1827875, 1831874"
1788114,"1373082, 1792972, 1794315"
1788200,1729593.0
1788263,1787531.0
1788599,"1793437, 1810041, 1841597, 1844564, 1846130"
1788609,"1598269, 1620481, 1742651, 1795759"
1788781,1779846.0
1789102,1433942.0
1789200,1790588
1789213,"1780941, 1793671, 1793696"
1789217,275021.0
1789261,1773123.0
1789337,1792604.0
1789613,1346614.0
1789623,"1706611, 1799416"
1789793,1783091
1789890,1845155.0
1789929,1779041.0
1789990,1792077
1790006,1774455.0
1790254,1780963.0
1790257,1782250.0
1790278,1780408
1790302,1764865.0
1790314,1781792.0
1790341,1778380.0
1790511,1779445.0
1790588,1789200.0
1790619,"1800865, 1803591, 1815191, 1870096, 1913232"
1790639,786429.0
1790672,1778683.0
1790712,1790770
1790715,1782912.0
1790736,1874354
1790746,"1775376, 1796215, 1804861, 1816412, 1831858, 1872678, 1878326, 1879020"
1790771,1786203.0
1790948,1365521.0
1791160,1824889.0
1791215,1786920.0
1791238,1745571.0
1791339,1782076.0
1791358,1796675
1791428,1791427
1791434,1787531.0
1791437,1725127.0
1791616,1745007.0
1791665,1791671.0
1791671,"1791665, 1791672"
1791672,1791671.0
1791751,"1791966, 1792011"
1791756,"1792734, 1793805"
1791794,1786920.0
1791854,1835546
1791944,1728770.0
1791966,1791751.0
1792011,1791751.0
1792065,1825374.0
1792077,1789990.0
1792218,1792102.0
1792345,1792102.0
1792363,954572.0
1792383,1779070.0
1792388,1792102.0
1792403,1751540
1792415,1745571.0
1792425,1281117.0
1792542,1801274
1792601,1782173.0
1792604,"1789337, 1792658, 1792727, 1793533"
1792632,1792102.0
1792658,1792604.0
1792697,1792675.0
1792709,1745007.0
1792712,1731198.0
1792716,1792102.0
1792727,1792604.0
1792732,1792102.0
1792734,1791756.0
1792871,1792872.0
1792872,1792871
1792878,1786920.0
1792879,1786920.0
1792972,1788114.0
1793035,1803150
1793352,1853087
1793384,1792802.0
1793400,1778000.0
1793431,1793278.0
1793437,1788599.0
1793533,1792604.0
1793671,1789213.0
1793696,1789213.0
1793778,1825653
1793805,1791756.0
1793918,"1797728, 1807955, 1808034"
1794082,1786920.0
1794315,1788114.0
1794408,1749142.0
1794465,1841059.0
1794678,1797322
1795007,1795008
1795008,1795007.0
1795259,1794471.0
1795548,1566458.0
1795682,1923421.0
1795759,1788609.0
1796002,1777606.0
1796024,1796030
1796030,1796024.0
1796145,1727169.0
1796180,1688659.0
1796215,1790746.0
1796635,1816593.0
1796641,920004.0
1796655,402594.0
1796675,1791358.0
1796749,1796903.0
1796867,1800557
1796937,1796903.0
1796967,1796903.0
1797015,1797017
1797017,1797015.0
1797031,1796903.0
1797054,1727202.0
1797067,1681960.0
1797101,1796903.0
1797297,1566458.0
1797322,1794678.0
1797728,1793918.0
1797921,1748473.0
1798108,1524247.0
1798189,1797693.0
1798197,1798199.0
1798199,"1798197, 1867487"
1798226,1797693.0
1798685,1799642
1798874,1786988.0
1799072,1811050
1799087,1815953.0
1799103,1799093.0
1799145,1795229.0
1799416,1789623.0
1799520,1802793.0
1799629,1787264.0
1799641,1823548.0
1799642,1798685.0
1800271,"1884548, 1902908"
1800305,1811420
1800324,479969.0
1800328,1854110
1800364,1793922.0
1800423,1755576
1800493,1776462.0
1800557,1796867.0
1800652,1800664.0
1800664,1800652
1800865,1790619.0
1800918,1365521.0
1801067,"1805111, 1814054"
1801274,1792542.0
1801350,1852786.0
1801454,1800427.0
1801482,1649579.0
1801669,"1804018, 1804212"
1801812,1899262
1801941,1872595.0
1802255,1801145.0
1802764,1758438.0
1802793,1799520
1802914,"1820397, 1833621"
1802937,520115.0
1803150,1793035.0
1803349,1744107.0
1803532,1803535.0
1803535,1803532
1803591,1790619.0
1803729,1804021
1803769,1803942.0
1803942,"1803769, 1803962, 1804111, 1804691"
1803962,1803942.0
1804018,1801669.0
1804021,1803729.0
1804022,1804041.0
1804041,1804022
1804111,1803942.0
1804141,646168.0
1804188,1694549.0
1804212,1801669.0
1804528,1748746.0
1804691,1803942.0
1804861,1790746.0
1804911,1733804.0
1805083,1800427.0
1805287,487386.0
1805301,1837887.0
1805619,1805620
1805620,1805619.0
1805807,1812112
1805891,1782397.0
1805909,184490.0
1805986,1839394
1805988,1805186.0
1806014,"1807617, 1798014.0"
1806065,1811758
1806085,620853.0
1806569,1815133
1806671,1805338.0
1806988,1731198.0
1807063,"325252, 1687655, 1848479, 1849960, 1851320, 1852693, 1858442, 1859721, 1860608, 1863311"
1807200,1808205
1807617,1806014.0
1807918,1814755
1807955,1793918.0
1808020,1685414.0
1808034,1793918.0
1808205,1807200.0
1808209,1853584.0
1808436,511741.0
1808638,"1822585, 1831249"
1809846,1782608.0
1809883,1826671
1810086,1823526
1810267,1810268.0
1810313,1831673.0
1810500,1813498.0
1810760,"1811013, 1811279, 1811460, 1811752, 1811966, 1811998, 1812000, 1812077, 1812090, 1813990"
1811013,1810760.0
1811050,1799072.0
1811246,1811247
1811247,1811246.0
1811279,1810760.0
1811420,1800305.0
1811460,1810760.0
1811646,"1813380, 1816199"
1811697,1811698.0
1811698,1811697
1811720,1812248.0
1811724,1684733.0
1811752,1810760.0
1811758,1806065.0
1811825,1615801.0
1811846,1838672.0
1811966,1810760.0
1811998,1810760.0
1812000,1810760.0
1812077,1810760.0
1812090,"1812253, 1810760.0"
1812112,1805807.0
1812210,1819197
1812234,1872595.0
1812248,1811720
1812253,1812090.0
1812494,1815946
1813328,1824889.0
1813367,1816610
1813368,1813615
1813370,1815944.0
1813380,1811646.0
1813492,"1817095, 1817453, 1822910"
1813615,1813368.0
1813955,1820188
1813959,1817462
1813990,1810760.0
1814054,1801067.0
1814178,1814005.0
1814302,1820874.0
1814372,1815155
1814755,1807918.0
1814823,"1784962, 1843487, 1844006, 1846240, 1848370, 1853503, 1854264, 1854694, 1855766"
1815028,1819859
1815133,1806569.0
1815155,1814372.0
1815191,1790619.0
1815200,"1817590, 1824123.0"
1815291,1816297
1815361,1566458.0
1815376,1820874.0
1815517,1259430.0
1815645,1815948
1815944,1813370
1815946,1812494.0
1815948,1815645.0
1815953,"1799087, 1825017"
1816199,1811646.0
1816295,"1817869, 1820786, 1820872, 1821938"
1816297,1815291.0
1816331,752844.0
1816332,1850946
1816412,1790746.0
1816593,1796635
1816610,1813367.0
1816612,1816741.0
1816741,1816612
1816798,1823179
1816799,1803272.0
1816809,1818171
1816814,1822607
1816820,"1821111, 1823112"
1816822,1847449
1817236,1365521.0
1817367,"1821617, 1828914"
1817453,1813492.0
1817462,1813959.0
1817508,1826342
1817590,1815200.0
1817605,"1843686, 1844134, 1846233, 1846797, 1846969, 1855114, 1855217, 1855725, 1856561, 1857216, 1857786, 1858214, 1859124, 1859217, 1860028, 1861250, 1861429, 1862035, 1862780, 1875685, 1905017"
1817648,1816893.0
1817731,"1821518, 1821932, 1822954, 1823183"
1817734,1880835.0
1817796,1836139
1817836,"1818001, 1819548, 1820329, 1820486, 1820500"
1817869,1816295.0
1817879,"1817897, 1817938, 1819103"
1817897,1817879.0
1817938,1817879.0
1818001,1817836.0
1818086,1811500.0
1818118,1823254
1818165,1819250
1818166,"1824097, 1828349, 1829867"
1818171,1816809.0
1818177,1731198.0
1818204,1828341.0
1818257,"1818870, 1819018, 1821798"
1818326,1821804.0
1818683,1819765
1818801,1819331
1818870,1818257.0
1818944,1566458.0
1819005,1825624
1819018,1818257.0
1819103,1817879.0
1819104,"1821571, 1825191"
1819107,1833684.0
1819197,1812210.0
1819250,1818165.0
1819292,1820604.0
1819328,"1823133, 1823408"
1819331,1818801.0
1819383,1819607
1819430,1785115
1819433,"1819612, 1819236.0"
1819479,1823062
1819546,1810751.0
1819548,1817836.0
1819550,1816294.0
1819607,1819383.0
1819612,1819433.0
1819631,1819281.0
1819765,1818683.0
1819780,"1820698, 1823038, 1823091, 1825925"
1819859,1815028.0
1819869,1824975
1819916,"1824106, 1838376, 1839128, 1839131, 1839969"
1819953,1823544
1820023,1817917.0
1820052,1825919
1820073,1606357.0
1820077,"1823146, 1823589, 1823734, 1823816, 1824067"
1820165,1566458.0
1820188,1813955.0
1820201,1823129
1820329,1817836.0
1820347,460737.0
1820394,1824692.0
1820397,1802914.0
1820421,1821988.0
1820423,"1821626, 1823517, 1826150, 1826218, 1828664"
1820486,1817836.0
1820500,1817836.0
1820604,1819292
1820629,1816395.0
1820630,1816395.0
1820633,1816395.0
1820698,1819780.0
1820700,1827130
1820786,1816295.0
1820872,1816295.0
1820874,"1814302, 1815376, 1821605"
1820898,1779774.0
1821111,1816820.0
1821205,"1823882, 1825843"
1821241,"1822525, 1825315"
1821369,1821529
1821435,1822596
1821518,1817731.0
1821529,1821369.0
1821571,1819104.0
1821605,1820874.0
1821617,1817367.0
1821626,1820423.0
1821798,1818257.0
1821894,1834936
1821932,1817731.0
1821933,"1822389, 1823874"
1821938,1816295.0
1821950,1689808.0
1821988,"1820421, 1825265"
1822003,1866179.0
1822286,1821743
1822332,1823748.0
1822389,1821933.0
1822422,"1822657, 1823652, 1823792, 1823885"
1822441,1825240
1822523,"1822841, 1823066, 1823113"
1822525,"1826939, 1821241.0"
1822550,1822239.0
1822585,1808638.0
1822596,1821435.0
1822607,1816814.0
1822622,1824555.0
1822657,1822422.0
1822658,1809029.0
1822841,1822523.0
1822859,1822880
1822868,1822972
1822880,1822859.0
1822910,1813492.0
1822954,1817731.0
1822972,1822868.0
1822991,"1844994, 1847436, 1848150, 1849008, 1850564, 1851332, 1851388, 1852929, 1853916, 1854608, 1856012, 1856170, 1857124, 1857525, 1857890, 1858023, 1858066, 1858691, 1859015, 1860315, 1864110, 1864864"
1823019,"1709510, 1823125, 1826894, 1830057"
1823038,1819780.0
1823055,"1826585, 1823548.0"
1823062,1819479.0
1823066,"1824239, 1822523.0"
1823072,1842419.0
1823091,1819780.0
1823112,1816820.0
1823113,1822523.0
1823116,1766119.0
1823124,1823637.0
1823125,1823019.0
1823129,1820201.0
1823133,1819328.0
1823146,1820077.0
1823156,1354359.0
1823157,"1829821, 1829846"
1823166,1503662.0
1823169,1819508.0
1823179,1816798.0
1823183,1817731.0
1823248,1816532.0
1823254,1818118.0
1823301,1751289.0
1823408,1819328.0
1823454,1816532.0
1823517,1820423.0
1823526,1810086.0
1823538,1846054.0
1823544,1819953.0
1823548,"1799641, 1823055"
1823589,1820077.0
1823636,1820203.0
1823637,1823124
1823652,1822422.0
1823703,1566458.0
1823734,1820077.0
1823740,1895377.0
1823748,"1822332, 1824274"
1823792,1822422.0
1823816,1820077.0
1823874,1821933.0
1823882,1821205.0
1823885,1822422.0
1823915,1824670
1823976,1833042.0
1824001,1830518.0
1824018,1827514
1824067,1820077.0
1824097,1818166.0
1824106,1819916.0
1824122,1817705.0
1824239,1823066.0
1824274,1823748.0
1824281,1824827.0
1824339,1745130.0
1824349,1775077.0
1824398,859213.0
1824507,"1824822, 1826331"
1824533,1566458.0
1824555,"1822622, 1825226, 1827445, 1827464, 1827833"
1824622,1824792.0
1824631,1847491.0
1824670,1823915.0
1824673,1852786.0
1824692,"1820394, 1825948, 1826584"
1824729,1824889.0
1824822,1824507.0
1824827,1824281
1824889,"1748612, 1791160, 1813328, 1824729, 1826773, 1836605, 1843734, 1843766, 1843837, 1843892, 1844649, 1844727, 1848591"
1824975,1819869.0
1824985,697031.0
1825012,1832988
1825158,1830242
1825191,1819104.0
1825214,1826700.0
1825226,1824555.0
1825240,1822441.0
1825265,1821988.0
1825315,1821241.0
1825374,1792065
1825410,1702276.0
1825624,1819005.0
1825829,1827872
1825843,1821205.0
1825919,1820052.0
1825925,1819780.0
1825948,1824692.0
1825993,1834397
1826009,"1828624, 1836488"
1826148,1832304
1826150,1820423.0
1826167,"1827750, 1828284"
1826218,1820423.0
1826331,1824507.0
1826342,1817508.0
1826368,1850265
1826406,1817915.0
1826584,1824692.0
1826585,1823055.0
1826633,1851262
1826671,1809883.0
1826700,"1825214, 1827688, 1828025"
1826773,1824889.0
1826831,1867975
1826894,1823019.0
1826939,1822525.0
1826999,1827212
1827003,1829948
1827042,"1845934, 1847720, 1852483, 1852567, 1854252, 1854774, 1855635, 1856248, 1856749, 1856912, 1857219, 1857265, 1857839, 1857867, 1857921, 1858654, 1859043, 1859218, 1859468, 1859610, 1860374, 1860393, 1861009, 1861715, 1861803, 1861986, 1862005, 1862254, 1862488, 1862913, 1863160, 1864359"
1827130,1820700.0
1827212,1826999.0
1827445,1824555.0
1827449,1827450.0
1827450,"1827449, 1860495"
1827461,1826881.0
1827464,1824555.0
1827485,1602704.0
1827580,1828878
1827688,1826700.0
1827750,1826167.0
1827833,1824555.0
1827872,1825829.0
1827875,1788086.0
1827882,"1834149, 1842931"
1828025,1826700.0
1828085,1824422.0
1828194,"1828377, 1828991.0"
1828202,1828298.0
1828284,1826167.0
1828298,1828202
1828322,"1846793, 1859611"
1828340,1830211
1828341,1818204
1828348,"1828725, 1833017"
1828349,1818166.0
1828352,1817915.0
1828353,1799510.0
1828372,1739833
1828377,1828194.0
1828499,1860250
1828624,1826009.0
1828725,1828348.0
1828914,1817367.0
1828991,1828194
1828997,1885277
1829095,1819281.0
1829340,"1847109, 1847676"
1829400,1822994.0
1829470,"1841824, 1857540, 1923769"
1829599,1605917.0
1829623,1824422.0
1829632,"1830235, 1830241"
1829710,1829728.0
1829728,"1798374, 1829710"
1829821,1823157.0
1829846,1823157.0
1829856,1134629.0
1829867,1818166.0
1829948,1827003.0
1830057,1823019.0
1830211,1828340.0
1830235,1829632.0
1830241,1829632.0
1830242,1825158.0
1830262,"1847446, 1891540"
1830315,1733477.0
1830439,"612800, 1846359.0"
1830455,1720257.0
1830500,448876.0
1830518,1824001
1830577,61815.0
1830655,254159.0
1830744,1679702.0
1830830,1831152
1831152,1830830.0
1831249,1808638.0
1831339,1854856
1831494,697706.0
1831500,1874419.0
1831633,"1843736, 1846462, 1854394, 1949324"
1831667,"1849479, 1860002, 1868509"
1831673,"1810313, 1868704, 1873813, 1881997"
1831711,1788205.0
1831713,1848475
1831717,1832051.0
1831718,"1847435, 1830559.0"
1831769,"1833347, 1833811"
1831858,1790746.0
1831874,1788086.0
1831962,1826220.0
1832051,1831717
1832149,"1841607, 1850326, 1852776"
1832304,1826148.0
1832379,1832383.0
1832383,"1832379, 1833035, 1836361"
1832524,1566458.0
1832531,1834210
1832727,1817917.0
1832761,378046.0
1832988,1825012.0
1832999,1835733
1833017,1828348.0
1833035,1832383.0
1833042,1823976
1833065,1831709.0
1833066,1831251
1833067,1834416
1833257,"1835106, 1844262, 1846135, 1846278, 1851683"
1833331,1833566
1833347,1831769.0
1833435,1838483.0
1833566,1833331.0
1833594,1835565.0
1833621,1802914.0
1833684,1819107
1833764,"1834336, 1834346, 1834364, 1834708, 1834778"
1833781,1761736.0
1833811,1831769.0
1833845,"1834170, 1834277"
1834149,1827882.0
1834170,1833845.0
1834210,1832531.0
1834245,1824377.0
1834277,1833845.0
1834336,1833764.0
1834346,1833764.0
1834364,1833764.0
1834397,1825993.0
1834416,1833067.0
1834479,"1754833, 1836596"
1834606,"556757, 1835358"
1834656,"1850677, 1853363, 1854705, 1855116, 1860593, 1868163, 1884083, 1885233, 1900675"
1834708,1833764.0
1834745,814742
1834778,1833764.0
1834801,"1743085, 1843857"
1834936,1821894.0
1834943,1752070.0
1835025,1835526
1835272,1779070.0
1835358,1834606.0
1835496,357502.0
1835526,1835025.0
1835539,1862648
1835543,1017768.0
1835546,1791854.0
1835548,"1852396, 1854377.0"
1835565,1833594
1835733,1832999.0
1835747,1847184
1836115,1869996
1836139,1817796.0
1836145,1817705.0
1836180,1851871.0
1836361,1832383.0
1836460,1858074
1836488,1826009.0
1836511,1864870
1836552,1843135.0
1836596,1834479.0
1836605,1824889.0
1836853,1848979
1837041,1839018
1837175,752844.0
1837387,312619.0
1837622,1784779.0
1837731,1867221
1837804,1838118
1837876,1304731.0
1837884,1837885
1837885,1837884.0
1837887,1805301
1838118,1837804.0
1838148,1863222
1838338,1803739.0
1838376,1819916.0
1838418,1776462.0
1838449,1839285
1838483,1833435
1838583,1858258
1838589,"1843033, 1849712, 1849827, 1849843, 1850720, 1853086, 1858111, 1858433, 1861781"
1838672,1811846
1838873,1742374.0
1839018,1837041.0
1839035,"1853435, 1859182, 1859284"
1839085,"1848501, 1889106"
1839128,1819916.0
1839131,1819916.0
1839226,1860431
1839285,1838449.0
1839394,"1939203, 1805986.0"
1839404,1779022.0
1839688,1839696.0
1839780,1868236
1839805,1845119
1839816,267832.0
1839969,1819916.0
1840014,1772329.0
1840033,522886.0
1840034,522886.0
1840092,"1845903, 1848063, 1848420, 1848797"
1840123,1893349.0
1840244,1851793
1840246,1855758.0
1840484,1915422
1840573,"1911800, 1930462, 1934450"
1840640,1808557.0
1840734,1740312.0
1840943,"1841539, 1844456, 1852389"
1840954,1788534.0
1840955,1873860.0
1841025,1841348.0
1841147,242300.0
1841208,1841291
1841291,1841208.0
1841294,1741540.0
1841348,1841025
1841385,485268.0
1841411,"1867571, 1872583, 1890179, 1928834"
1841414,1844680
1841423,1842126.0
1841539,1840943.0
1841597,1788599.0
1841607,1832149.0
1842126,1841423
1842363,1315623.0
1842384,"1845080, 1849688, 1852486"
1842419,"1823072, 1871388"
1842420,1856760
1842482,"1847391, 1847883, 1850546"
1842650,1842927
1842655,1854586.0
1842927,1842650.0
1842931,1827882.0
1843011,1847491.0
1843023,"1851304, 1851509, 1854766, 1856048, 1856260, 1856518"
1843033,1838589.0
1843051,1846231
1843093,1715361.0
1843108,1870641.0
1843135,1836552
1843140,341266.0
1843203,"1843269, 1843205.0"
1843269,1843203.0
1843480,1846168
1843487,1814823.0
1843628,"1844509, 1848594"
1843637,"1844748, 1845107"
1843646,"1844219, 1847588"
1843654,"1849475, 1854260, 1870429"
1843691,1844497.0
1843696,1801668.0
1843707,1847132
1843734,1824889.0
1843736,1831633.0
1843753,1854377.0
1843766,1824889.0
1843768,1843172.0
1843772,1855611.0
1843781,1850190.0
1843827,1568355.0
1843837,1824889.0
1843857,1834801.0
1843892,1824889.0
1843979,1857389
1844006,1814823.0
1844063,1845391.0
1844134,1817605.0
1844149,1860805
1844151,1846257
1844157,1851871.0
1844262,1833257.0
1844341,1844981
1844381,1875577.0
1844456,1840943.0
1844487,1844609.0
1844509,1843628.0
1844534,"1845178, 1846107, 1846264, 1848549"
1844549,1846751.0
1844564,1788599.0
1844606,1844607
1844607,1844606.0
1844609,1844487
1844610,"1844612, 1844613"
1844612,1844610.0
1844613,1844610.0
1844649,1824889.0
1844664,1858900
1844680,1841414.0
1844727,1824889.0
1844748,1843637.0
1844770,1799510.0
1844924,1850850.0
1844950,1837152.0
1844981,1844341.0
1845012,1850850.0
1845066,1853584.0
1845080,1842384.0
1845107,1843637.0
1845119,1839805.0
1845178,1844534.0
1845327,1852483.0
1845391,"1844063, 1852392, 1853577, 1855337, 1856780, 1857873, 1858190, 1858447, 1858703, 1862731, 1864091"
1845903,1840092.0
1845934,1827042.0
1846054,"1823538, 1849694, 1860295, 1869226"
1846062,"1855229, 1896502"
1846107,1844534.0
1846127,"1775177, 1853097, 1865992"
1846130,1788599.0
1846135,1833257.0
1846168,1843480.0
1846198,"1847448, 1857403"
1846231,1843051.0
1846233,1817605.0
1846240,1814823.0
1846257,1844151.0
1846264,1844534.0
1846278,1833257.0
1846319,1846359.0
1846531,1801668.0
1846563,1847658.0
1846751,"1844549, 1847256"
1846793,"1855339, 1828322.0"
1846797,1817605.0
1846881,1849249.0
1846885,"1848986, 1851129"
1846969,1817605.0
1847109,1829340.0
1847124,1848767
1847132,1843707.0
1847134,1851871.0
1847184,1835747.0
1847256,1846751.0
1847265,"1864573, 1888806"
1847337,"1863237, 1874145, 1887516"
1847384,1851955.0
1847391,1842482.0
1847419,1854607.0
1847425,1315623.0
1847428,1857557
1847432,1921469
1847435,1831718.0
1847436,1822991.0
1847446,"1899302, 1830262.0"
1847448,1846198.0
1847449,1816822.0
1847487,"669009, 1849474, 1857895"
1847491,"1824631, 1843011, 1848186, 1852436, 1854853, 1855015, 1860771"
1847553,668719.0
1847588,1843646.0
1847618,1801668.0
1847676,1829340.0
1847694,1853498.0
1847720,1827042.0
1847759,1843097.0
1847791,1853603
1847792,"1853615, 1857310"
1848063,1840092.0
1848102,1841387.0
1848106,1850893.0
1848110,1872595.0
1848132,1860056
1848150,1822991.0
1848153,1817915.0
1848186,1847491.0
1848320,1857560
1848370,1814823.0
1848420,1840092.0
1848475,1831713.0
1848479,1807063.0
1848501,1839085.0
1848549,1844534.0
1848591,1824889.0
1848594,1843628.0
1848767,1847124.0
1848797,1840092.0
1848979,1836853.0
1848986,1846885.0
1849008,1822991.0
1849173,1855758.0
1849221,1847586
1849249,"1846881, 1849461, 1855423"
1849374,1849552
1849461,1849249.0
1849474,1847487.0
1849475,1843654.0
1849479,1831667.0
1849485,54479.0
1849491,1566458.0
1849509,1856662
1849552,1849374.0
1849650,"1855130, 1857818, 1859037, 1863293, 1874201, 1879690"
1849688,1842384.0
1849694,1846054.0
1849712,1838589.0
1849827,"1852228, 1838589.0"
1849828,297852.0
1849832,1839194.0
1849843,1838589.0
1849878,752844.0
1849893,1265023.0
1849960,1807063.0
1850190,"1843781, 1854435, 1859099, 1860522"
1850208,254159.0
1850265,1826368.0
1850326,1832149.0
1850363,1854377.0
1850546,1842482.0
1850560,1824890.0
1850564,1822991.0
1850586,1853442.0
1850677,1834656.0
1850687,1853584.0
1850720,1838589.0
1850731,1851871.0
1850760,"1852462, 1852585, 1853516"
1850788,1850119
1850850,"1844924, 1845012, 1850122"
1850946,1816332.0
1851129,1846885.0
1851140,1837152.0
1851142,"1851290, 1849397.0"
1851262,1826633.0
1851290,1851142.0
1851304,1843023.0
1851320,1807063.0
1851358,1830248.0
1851388,1822991.0
1851428,1684211
1851500,1851871.0
1851509,1843023.0
1851683,1833257.0
1851740,"1851741, 1852531"
1851741,1851740.0
1851742,1851293.0
1851793,1840244.0
1851871,"1836180, 1844157, 1847134, 1850731, 1851500, 1852713, 1852739, 1852888, 1853950, 1854026, 1854527"
1851875,1929231
1851931,1852260
1851955,1847384
1851975,1854476
1852108,1837152.0
1852228,1849827.0
1852260,1851931.0
1852268,1858351.0
1852387,1852414.0
1852389,1840943.0
1852392,1845391.0
1852396,1835548.0
1852414,"1852387, 1852544"
1852428,"1798182, 1859689, 1860744"
1852436,1847491.0
1852462,1850760.0
1852486,1842384.0
1852531,1851740.0
1852544,1852414.0
1852567,1827042.0
1852585,1850760.0
1852693,1807063.0
1852713,1851871.0
1852739,1851871.0
1852776,1832149.0
1852786,"1801350, 1824673"
1852832,417746.0
1852855,"1857436, 1854377.0"
1852888,1851871.0
1852929,1822991.0
1852933,1837152.0
1852998,1827973.0
1853067,1852879.0
1853086,1838589.0
1853087,1793352.0
1853097,1846127.0
1853345,1856099.0
1853363,1834656.0
1853428,1854811
1853435,1839035.0
1853442,"1850586, 1862934, 1890521, 1893128"
1853498,1847694
1853503,1814823.0
1853514,1856941.0
1853516,1850760.0
1853577,1845391.0
1853584,"1808209, 1845066, 1850687, 1855426"
1853594,1855758.0
1853603,1847791.0
1853615,1847792.0
1853633,1848261.0
1853649,1857694.0
1853658,1852030.0
1853696,1854377.0
1853912,1881962
1853915,1848261.0
1853923,1667595
1853948,1855611.0
1853950,1851871.0
1854006,1855559
1854026,1851871.0
1854110,1800328.0
1854252,1827042.0
1854260,1843654.0
1854264,1814823.0
1854307,1715361.0
1854377,"1835548, 1843753, 1850363, 1852855, 1853696, 1856234, 1857192, 1858135, 1858388, 1860394, 1860797, 1862030, 1863499, 1863528, 1864424, 1864865, 1865676, 1867490, 1868419"
1854394,1831633.0
1854435,1850190.0
1854442,298438.0
1854527,1851871.0
1854587,"1857489, 1859725, 1860277, 1861640"
1854594,1847658.0
1854607,"1847419, 1856102, 1857344"
1854608,1822991.0
1854670,1427546.0
1854705,1834656.0
1854706,1850893.0
1854766,1843023.0
1854774,1827042.0
1854779,700237
1854810,1850893.0
1854811,1853428.0
1854853,1847491.0
1854856,1831339.0
1854865,1866553.0
1854867,1852849.0
1855015,1847491.0
1855066,1855316.0
1855114,1817605.0
1855116,1834656.0
1855130,1849650.0
1855198,1855934
1855217,1817605.0
1855229,1846062.0
1855245,1859082
1855276,"1856314, 1866975, 1892874, 1897917, 1919457, 1938029"
1855316,"1855066, 1858257"
1855337,1845391.0
1855339,1846793.0
1855372,1857835.0
1855391,1607872.0
1855423,1849249.0
1855426,1853584.0
1855467,1735630.0
1855486,1931928
1855540,1850732.0
1855559,1854006.0
1855579,267832.0
1855609,267832.0
1855611,"1843772, 1853948, 1855972, 1856138, 1857763, 1858713, 1864715, 1865347, 1866674"
1855635,1827042.0
1855637,521649.0
1855643,1884315
1855678,1867780.0
1855725,1817605.0
1855758,"1840246, 1849173, 1853594, 1855802, 1856456, 1861353"
1855766,1814823.0
1855802,1855758.0
1855833,1856509.0
1855864,1856152.0
1855890,1854137.0
1855934,1855198.0
1855972,1855611.0
1855985,1857881.0
1856048,1843023.0
1856099,"1853345, 1858704, 1861683"
1856102,1854607.0
1856138,1855611.0
1856152,1855864
1856170,1822991.0
1856184,281219.0
1856234,1854377.0
1856248,1827042.0
1856260,1843023.0
1856266,"1860746, 1860773, 1860815, 1861464"
1856292,1843078.0
1856314,1855276.0
1856456,1855758.0
1856518,1843023.0
1856561,1817605.0
1856662,1849509.0
1856721,1902597.0
1856749,1827042.0
1856759,843396.0
1856760,1842420.0
1856764,1837152.0
1856780,1845391.0
1856906,1766119.0
1856912,1827042.0
1856941,"1853514, 1856946, 1869952.0"
1856946,1856941.0
1856997,1859190
1857016,1691301.0
1857051,1847389
1857124,1822991.0
1857126,1837152.0
1857184,1566458.0
1857192,1854377.0
1857194,1847658.0
1857216,1817605.0
1857219,1827042.0
1857265,1827042.0
1857310,1847792.0
1857341,1606038.0
1857344,1854607.0
1857376,1856509.0
1857389,1843979.0
1857403,1846198.0
1857413,1926865
1857436,1852855.0
1857469,"1876340, 1912436, 1920872, 1921355, 1922127, 1923284, 1925461, 1943271, 1945753"
1857489,1854587.0
1857496,1936369.0
1857525,1822991.0
1857540,1829470.0
1857557,1847428.0
1857559,1857694.0
1857560,1848320.0
1857580,1872239.0
1857694,"1734224, 1853649, 1857559, 1927786"
1857734,1864930
1857763,1855611.0
1857818,1849650.0
1857835,"1855372, 1860726, 1860798"
1857839,1827042.0
1857867,1827042.0
1857873,1845391.0
1857877,1859105
1857880,209501.0
1857890,1822991.0
1857895,1847487.0
1857921,1827042.0
1857950,1606038.0
1857953,"1858253, 1862077, 1867416, 1868486, 1888993, 1914025, 1920811, 1935798"
1858023,1822991.0
1858066,1822991.0
1858074,1836460.0
1858111,1838589.0
1858114,"1858368, 1860849, 1862163"
1858135,1854377.0
1858157,"1860226, 1924251"
1858190,1845391.0
1858214,1817605.0
1858221,1778683.0
1858253,1857953.0
1858257,1855316.0
1858258,1838583.0
1858278,1860599.0
1858351,1852268
1858368,1858114.0
1858388,1854377.0
1858433,1838589.0
1858442,1807063.0
1858445,1859607
1858447,1845391.0
1858532,1857789.0
1858603,1893349.0
1858654,1827042.0
1858703,1845391.0
1858704,1856099.0
1858713,1855611.0
1858839,1865564
1858898,1859050.0
1858900,1844664.0
1858901,1837247.0
1858917,1725127.0
1859037,1849650.0
1859038,1529791.0
1859043,1827042.0
1859050,"1858898, 1860421, 1864006"
1859082,1855245.0
1859099,1850190.0
1859105,1857877.0
1859115,1854592.0
1859124,1817605.0
1859182,1839035.0
1859190,1856997.0
1859212,544059.0
1859217,1817605.0
1859218,1827042.0
1859271,"1873046, 1877658"
1859284,1839035.0
1859303,1566458.0
1859308,1889901.0
1859468,1827042.0
1859470,646168.0
1859526,1864776.0
1859572,707933.0
1859607,1858445.0
1859610,1827042.0
1859611,1828322.0
1859677,1859743
1859689,1852428.0
1859721,1807063.0
1859725,"1862149, 1854587.0"
1859743,1859677.0
1859772,"1907797, 1923390"
1859841,1625111.0
1859927,1860477
1860002,1831667.0
1860011,1715361.0
1860023,1893793.0
1860028,1817605.0
1860056,1848132.0
1860088,1859862.0
1860226,1858157.0
1860250,1828499.0
1860255,1883181
1860277,1854587.0
1860302,1860301
1860315,1822991.0
1860344,185634.0
1860374,1827042.0
1860393,1827042.0
1860394,1854377.0
1860421,1859050.0
1860431,1839226.0
1860444,1880981
1860477,1859927.0
1860495,1827450.0
1860522,1850190.0
1860539,668491
1860540,1817822.0
1860562,1868905
1860608,1807063.0
1860726,1857835.0
1860731,1877626.0
1860744,1852428.0
1860746,1856266.0
1860754,1732039
1860771,1847491.0
1860773,1856266.0
1860776,1837152.0
1860790,1856263
1860797,1854377.0
1860798,1857835.0
1860805,1844149.0
1860815,1856266.0
1860849,1858114.0
1860951,1860861.0
1861009,1827042.0
1861204,"1867685, 1872894, 1877050, 1892375, 1899046"
1861239,1858578.0
1861250,1817605.0
1861353,1855758.0
1861429,1817605.0
1861464,1856266.0
1861500,1858578.0
1861640,1854587.0
1861683,1856099.0
1861715,1827042.0
1861758,"1861281, 1864393, 1858578.0"
1861781,1838589.0
1861803,1827042.0
1861867,1566458.0
1861986,1827042.0
1862005,1827042.0
1862030,1854377.0
1862035,1817605.0
1862077,1857953.0
1862149,1859725.0
1862163,1858114.0
1862167,"1866016, 1866553.0"
1862302,1866553.0
1862322,1889562.0
1862488,1827042.0
1862648,1835539.0
1862731,1845391.0
1862780,1817605.0
1862913,1827042.0
1862934,1853442.0
1863160,1827042.0
1863222,1838148.0
1863225,1898407
1863237,1847337.0
1863248,1862973.0
1863293,1849650.0
1863311,1807063.0
1863394,1866988
1863499,1854377.0
1863528,1854377.0
1863607,1863610
1863610,1863607.0
1863680,1868094.0
1863798,1862407
1863817,1862973.0
1863845,1876288
1864006,1859050.0
1864091,1845391.0
1864110,1822991.0
1864268,1870817.0
1864359,1827042.0
1864393,1861758.0
1864423,1870235
1864424,1854377.0
1864510,1864582.0
1864521,1865024
1864573,1847265.0
1864582,"1864510, 1846550.0"
1864715,1855611.0
1864747,1864822
1864776,1859526
1864822,1864747.0
1864864,1822991.0
1864865,1854377.0
1864870,1836511.0
1864930,1857734.0
1864978,1508136.0
1865024,1864521.0
1865035,1865723.0
1865231,1852849.0
1865347,1855611.0
1865471,1865419
1865478,1866553.0
1865504,1896960.0
1865564,1858839.0
1865651,1882692
1865676,1854377.0
1865680,1873339
1865992,1846127.0
1866016,1862167.0
1866157,1866098.0
1866179,1822003
1866250,1867073.0
1866279,1866098.0
1866424,1725127.0
1866553,"1854865, 1862167, 1862302, 1865478, 1866647, 1866695"
1866584,1866098.0
1866647,1866553.0
1866674,1855611.0
1866695,1866553.0
1866717,"1866912, 1867338, 1888913, 1890257"
1866951,1778446
1866975,1855276.0
1866988,1863394.0
1866996,1866098.0
1867094,"1873262, 1878924, 1890114, 1924671"
1867174,481143.0
1867221,1837731.0
1867262,512664.0
1867338,1866717.0
1867389,646168.0
1867416,1857953.0
1867487,1798199.0
1867490,1854377.0
1867571,1841411.0
1867685,1861204.0
1867735,1566458.0
1867762,"1875997, 1919261"
1867780,"1855678, 1869164, 1869939"
1867947,1866778.0
1867957,1725127.0
1867975,1826831.0
1867984,408114.0
1868094,1863680
1868146,1870817.0
1868163,1834656.0
1868183,370509.0
1868236,1839780.0
1868272,1868273.0
1868337,188598.0
1868362,1868843.0
1868419,1854377.0
1868474,1870630
1868486,1857953.0
1868509,1831667.0
1868704,1831673.0
1868795,1868797
1868797,1868795.0
1869164,1867780.0
1869170,1869503.0
1869226,1846054.0
1869230,1851294.0
1869247,1864149.0
1869297,1892196
1869331,1725127.0
1869939,1867780.0
1869952,1856941
1869996,1836115.0
1870071,1870014.0
1870096,1790619.0
1870235,1864423.0
1870241,1868938.0
1870429,1843654.0
1870456,1874646.0
1870467,61815.0
1870603,1860867.0
1870630,1868474.0
1870641,"1679509, 1834510, 1843108, 1873227"
1870720,"1870997, 1871164, 1875895"
1870817,"1864268, 1868146"
1870821,1870854
1870854,1870821.0
1870914,1725127.0
1870997,1870720.0
1871164,1870720.0
1871371,537342.0
1871388,1842419.0
1871733,1913277
1872239,1857580
1872243,408114.0
1872401,1875621.0
1872542,1566458.0
1872583,1841411.0
1872595,"1801941, 1812234, 1848110"
1872620,1679132.0
1872677,1880867.0
1872678,1790746.0
1872684,574985.0
1872894,1861204.0
1873023,1890966
1873046,1859271.0
1873053,1874419.0
1873169,1748416.0
1873227,1870641.0
1873262,1867094.0
1873310,1656728.0
1873313,506933
1873339,1865680.0
1873480,1873329.0
1873705,1873706
1873813,1831673.0
1873860,1840955
1873950,1873952
1873952,1873950.0
1874085,1725127.0
1874095,1874109.0
1874109,"1874095, 1874134"
1874134,"1874845, 1874109.0"
1874145,1847337.0
1874201,1849650.0
1874354,1790736.0
1874419,"1831500, 1873053"
1874466,1834167.0
1874557,"1877471, 1884640"
1874646,"1870456, 1877988"
1874653,1912675.0
1874845,1874134.0
1874863,1910393
1875054,"1911244, 1913036"
1875121,1885731
1875325,"1888802, 1888900, 1900529, 1905541, 1916357"
1875377,"1876664, 792691.0"
1875536,"1876511, 1876571"
1875538,1725127.0
1875577,1844381
1875596,1725127.0
1875685,1817605.0
1875835,646168.0
1875895,1870720.0
1875997,1867762.0
1876167,1881152
1876288,1863845.0
1876325,1878676
1876340,1857469.0
1876349,1878037.0
1876511,1875536.0
1876562,1879355.0
1876571,1875536.0
1876664,1875377.0
1876673,646168.0
1876848,1876853
1876853,1876848.0
1876926,1749921.0
1876992,1799635
1877050,1861204.0
1877107,1872849.0
1877415,1876431.0
1877420,"1877450, 1877577, 1883214, 1926957"
1877450,1877420.0
1877471,1874557.0
1877577,1877420.0
1877626,1860731
1877658,1859271.0
1877671,1877832
1877832,1877671.0
1877988,1874646.0
1878326,1790746.0
1878469,646168.0
1878676,1876325.0
1878810,1872849.0
1878812,1566458.0
1878924,1867094.0
1879020,1790746.0
1879355,"1876562, 1900533, 1919792, 1920412"
1879359,1879392.0
1879392,1879359
1879428,408114.0
1879574,1201273.0
1879690,1849650.0
1879748,1725127.0
1879804,1877326.0
1879897,1878541.0
1880134,1889558.0
1880145,1866991.0
1880220,1888903.0
1880741,1881000
1880835,"1799510, 1817734"
1880981,1860444.0
1881032,1881154
1881033,"1893920, 1946990, 1949009"
1881153,1883652
1881154,1881032.0
1881245,1668086.0
1881315,235312.0
1881689,1860977.0
1881795,1890944
1881929,1678964
1881967,1882214.0
1881997,1831673.0
1882012,1891889.0
1882375,230899.0
1882692,1865651.0
1883001,1878541.0
1883181,"1885592, 1860255.0"
1883214,1877420.0
1883259,1883287.0
1883287,1883259
1883477,1566458.0
1883500,61815.0
1883652,1881153.0
1883906,11040.0
1884083,1834656.0
1884315,1855643.0
1884419,1885525.0
1884482,1806388.0
1884523,1906383
1884548,1800271.0
1884614,1566458.0
1884640,1874557.0
1884661,1907015
1885233,1834656.0
1885277,1828997.0
1885296,1741362.0
1885525,"781142, 1884419"
1885579,1668086.0
1885592,1883181.0
1885697,1847137.0
1885731,1875121.0
1886066,1909621.0
1886132,"108877, 745856"
1886653,"1887844, 1888872, 1889560, 1890931, 1892164, 1893449, 1895127"
1886933,1882592.0
1887070,1883760.0
1887516,1847337.0
1887844,1886653.0
1888655,1893872
1888802,1875325.0
1888806,1847265.0
1888838,1889021.0
1888900,1875325.0
1888903,1880220
1888913,1866717.0
1888993,1857953.0
1889021,1888838
1889053,1889061
1889061,1889053.0
1889558,"1880134, 1918922"
1889560,"1886956, 1886653.0"
1889618,1134629.0
1889755,1878541.0
1889901,1859308
1889946,1608773.0
1890114,1867094.0
1890179,1841411.0
1890230,"1890766, 1891326, 1901012, 1911067, 1911235, 1913425, 1913545, 1916223, 1917190, 1917249, 1917549, 1917798, 1918314, 1919667, 1921241, 1922935, 1923069, 1923130, 1924140, 1925034"
1890257,1866717.0
1890290,1878541.0
1890345,1890464
1890464,1890345.0
1890521,1853442.0
1890536,1901524
1890766,1890230.0
1890931,1886653.0
1890944,1881795.0
1890966,1873023.0
1890987,551363.0
1891219,1891217
1891326,1890230.0
1891370,1891889.0
1891540,1830262.0
1891742,1891750
1891750,1891742.0
1891810,752844.0
1891833,1891889.0
1891889,"1882012, 1891370, 1891833, 1891908, 1891909, 1891932, 1891958, 1891976, 1892058, 1892183, 1892208, 1892236, 1892243, 1892270, 1892632, 1894674, 1897311, 1899955"
1891908,1891889.0
1891909,1891889.0
1891932,1891889.0
1891958,1891889.0
1891962,"1907245, 1921389, 1927350, 1927946"
1891976,1891889.0
1892058,1891889.0
1892065,1894304
1892164,1886653.0
1892183,1891889.0
1892196,1869297.0
1892236,1891889.0
1892375,1861204.0
1892566,1878541.0
1892594,1869167.0
1892632,1891889.0
1892874,1855276.0
1893128,1853442.0
1893195,1612818.0
1893349,"1840123, 1858603"
1893449,1886653.0
1893540,1891665.0
1893761,1893762.0
1893762,"1893761, 209501.0"
1893793,1860023
1893872,1888655.0
1893920,1881033.0
1893962,1922919.0
1894048,956146
1894304,"1894327, 1892065.0"
1894327,1894304.0
1894672,1894772
1894674,1891889.0
1894772,1894672.0
1894846,1877142.0
1894895,1883955
1895031,1896009.0
1895127,1886653.0
1895145,1937033
1895376,1898888
1895377,1823740
1895533,1919144.0
1896009,1895031
1896086,1914541
1896263,1904207
1896295,1902013.0
1896502,1846062.0
1896532,1897340
1896640,1878541.0
1896994,1896773.0
1897311,1891889.0
1897340,1896532.0
1897466,1259430.0
1897576,209501.0
1897781,746149
1897855,920560.0
1897917,1855276.0
1898407,1863225.0
1898648,1773611.0
1898675,1889383.0
1898881,1913807.0
1898888,1895376.0
1899036,230684.0
1899046,1861204.0
1899262,1801812.0
1899302,1847446.0
1899492,209501.0
1899673,"1900153, 1900154"
1899696,1878541.0
1899858,1233059.0
1899955,1891889.0
1899974,621882.0
1900048,485593.0
1900095,1923446
1900143,1866073.0
1900178,1904274
1900211,"1913411, 1928308, 1931031, 1948382, 1949724"
1900529,1875325.0
1900533,1879355.0
1900675,1834656.0
1900750,1934660
1901012,1890230.0
1901524,1890536.0
1901557,1878541.0
1902597,"1659331, 1856721"
1902908,1800271.0
1902943,"1905336, 1905729"
1902945,1902946
1902946,1902945.0
1903135,"1907662, 1911884, 1911954"
1903290,1259430.0
1903744,1635029
1903895,"1903904, 1903918, 417942.0"
1903904,1903895.0
1903910,1906503
1903918,1903895.0
1904150,1761946.0
1904207,1896263.0
1904267,1904266.0
1904274,1900178.0
1904390,1911615
1904666,"1906316, 628098.0"
1904851,1906195
1905071,"1906196, 1906374"
1905549,1905480.0
1905622,"1916112, 1921031"
1905729,1902943.0
1905998,1905999
1905999,1905998.0
1906195,1904851.0
1906196,1905071.0
1906202,1946874
1906316,1904666.0
1906374,1905071.0
1906378,1906375
1906379,1906380
1906380,1906379.0
1906383,1884523.0
1906500,1949002
1906503,1903910.0
1906539,1715361.0
1906637,1899299.0
1906830,1909537
1906833,1907792
1906992,"1906529, 1907113"
1907015,1884661.0
1907130,1907443.0
1907245,1891962.0
1907248,509316.0
1907297,1566458.0
1907443,"1907130, 1951827.0"
1907567,417746.0
1907603,1913320
1907662,1903135.0
1907792,1906833.0
1907797,1859772.0
1907997,1908233.0
1908233,1907997
1908299,"1908307, 1908390, 1908450"
1908307,1908299.0
1908390,1908299.0
1908450,1908299.0
1908638,1908637.0
1908642,1908643
1908643,1908642.0
1908758,1908761.0
1908761,"1908758, 1911048, 1912013, 1912165, 1915016, 1915180"
1908851,"1911421, 1911598, 1912502, 1912648, 1912720, 1913203, 1913483, 1913808"
1909225,"1912025, 1921537.0"
1909621,"1886066, 1922442, 1927791, 1929247, 1932673"
1909954,1684569.0
1910168,1908077
1910321,1914225
1910393,1874863.0
1910491,635843.0
1910620,1910621
1910621,1910620.0
1910854,1348750.0
1911017,1911916.0
1911048,1908761.0
1911067,1890230.0
1911076,"1911393, 1911827, 1912232, 1912314, 1914420, 1915166, 1924950"
1911150,1877326.0
1911157,1829737.0
1911208,1877326.0
1911212,"1912474, 1914337"
1911235,1890230.0
1911244,1875054.0
1911356,1855900.0
1911393,1911076.0
1911410,1877326.0
1911411,1906593.0
1911416,1912319
1911421,1908851.0
1911517,1855900.0
1911596,1914250.0
1911598,1908851.0
1911615,1904390.0
1911757,1916776
1911800,1840573.0
1911827,1911076.0
1911884,1903135.0
1911887,1914550
1911894,"1911993, 1911996"
1911916,"1911017, 1913479, 1921035, 1927190"
1911954,1903135.0
1911993,1911894.0
1911996,1911894.0
1912013,1908761.0
1912025,1909225.0
1912165,1908761.0
1912232,1911076.0
1912244,1895737.0
1912314,1911076.0
1912361,1912362
1912362,1912361.0
1912393,1912584
1912417,1924960
1912436,1857469.0
1912474,1911212.0
1912502,1908851.0
1912542,1901846.0
1912584,1912393.0
1912634,1917490.0
1912648,1908851.0
1912675,1874653
1912720,1908851.0
1912745,43829.0
1913203,1908851.0
1913216,1211128.0
1913232,1790619.0
1913250,1843417.0
1913271,1907317.0
1913320,1907603.0
1913368,1911227.0
1913401,393523.0
1913411,1900211.0
1913425,1890230.0
1913479,1911916.0
1913483,1908851.0
1913545,1890230.0
1913575,1855900.0
1913583,1917278.0
1913600,"1918927, 1920553, 1922876"
1913775,1911227.0
1913807,1898881
1913808,1908851.0
1913889,1916585
1914025,1857953.0
1914225,1910321.0
1914250,"1911596, 1916106, 1918718"
1914337,1911212.0
1914420,1911076.0
1914541,1896086.0
1914550,1911887.0
1914576,737884.0
1914614,1566458.0
1915016,1908761.0
1915044,341266.0
1915166,1911076.0
1915180,1908761.0
1915288,1915377
1915422,1840484.0
1916054,1837152.0
1916106,1914250.0
1916112,1905622.0
1916133,"1930308, 1930311"
1916138,1691301.0
1916209,1774455.0
1916223,1890230.0
1916357,1875325.0
1916585,1913889.0
1916604,312619.0
1916776,1911757.0
1917190,1890230.0
1917249,1890230.0
1917250,1895737.0
1917278,1913583
1917330,1922921
1917426,1923481
1917465,1947620
1917489,1917490.0
1917490,"1912634, 1917489, 1918534"
1917549,1890230.0
1917798,1890230.0
1918056,1898896.0
1918314,1890230.0
1918534,1917490.0
1918718,1914250.0
1918922,1889558.0
1918927,1913600.0
1918976,369068.0
1919144,"1895533, 1921805"
1919210,1923707
1919240,1691301.0
1919457,1855276.0
1919586,1919695.0
1919667,1890230.0
1919695,"1919586, 1919719, 1919720, 1919766, 1919896, 1920017, 1920042, 1920139"
1919719,1919695.0
1919720,1919695.0
1919766,1919695.0
1919792,1879355.0
1919896,1919695.0
1920017,1919695.0
1920042,1919695.0
1920339,"1920425, 1920932, 1922495, 1924479, 1926895"
1920412,1879355.0
1920425,1920339.0
1920553,1913600.0
1920688,1896545.0
1920811,1857953.0
1920872,1857469.0
1920932,1920339.0
1921031,1905622.0
1921035,1911916.0
1921164,1566458.0
1921241,1890230.0
1921248,1896545.0
1921355,1857469.0
1921389,1891962.0
1921469,1847432.0
1921537,1909225
1921702,1921704
1921704,1921702.0
1921805,1919144.0
1921861,1896773.0
1921955,506009.0
1922127,1857469.0
1922195,1943099
1922442,1909621.0
1922495,1920339.0
1922731,1922880
1922859,1923583
1922876,1913600.0
1922880,1922731.0
1922901,1922944.0
1922919,1893962
1922921,1917330.0
1922924,525716.0
1922935,1890230.0
1922949,1922944.0
1922961,1907707
1923069,1890230.0
1923284,1857469.0
1923390,1859772.0
1923402,1904499.0
1923421,1795682
1923446,1900095.0
1923450,"1923453, 1923454, 1923485, 1923486, 1923487, 1923488"
1923452,1923453.0
1923453,"1923452, 1923450.0"
1923454,1923450.0
1923455,"1923458, 1900722.0"
1923458,1923455.0
1923462,1923464
1923464,1923462.0
1923481,1917426.0
1923483,1900722.0
1923485,1923450.0
1923486,1923450.0
1923487,1923450.0
1923488,1923450.0
1923526,"1926210, 1927394, 1929924"
1923583,1922859.0
1923707,1919210.0
1924140,1890230.0
1924251,1858157.0
1924335,1938395
1924445,1922944.0
1924479,1920339.0
1924623,1930339
1924638,1896545.0
1924641,277854.0
1924671,1867094.0
1924938,1842493.0
1924950,1911076.0
1924956,1922944.0
1924960,1912417.0
1925034,1890230.0
1925363,"1925375, 1926684, 1926768"
1925365,"1931187, 1932056"
1925375,1925363.0
1925461,1857469.0
1925762,1908196.0
1925765,1925767.0
1925852,1909179.0
1925911,"1925912, 1921658.0"
1925912,1925911.0
1926110,1927947
1926117,1926462.0
1926165,1630286.0
1926210,1923526.0
1926684,1925363.0
1926768,1925363.0
1926865,1857413.0
1926957,1877420.0
1927048,1932384
1927066,1948551
1927190,1911916.0
1927254,1929247.0
1927281,1948657
1927350,1891962.0
1927394,1923526.0
1927449,"1936983, 1939702"
1927720,1927813.0
1927786,1857694.0
1927791,1909621.0
1927813,"1927720, 1927859"
1927832,1927940.0
1927859,1927813.0
1927940,1927832
1927946,1891962.0
1927947,1926110.0
1928114,"1928233, 1928468, 1928569, 1929150"
1928233,1928114.0
1928308,1900211.0
1928341,550414.0
1928468,1928114.0
1928569,1928114.0
1928716,1934128
1928766,1930942
1928834,1841411.0
1928930,1899299.0
1929065,1929824.0
1929150,1928114.0
1929212,1930363.0
1929231,1851875.0
1929247,"1927254, 1909621.0"
1929553,1908196.0
1929824,1929065
1929869,1929876
1929924,1923526.0
1929949,1899299.0
1930273,1890253.0
1930308,1916133.0
1930311,1916133.0
1930363,1929212
1930728,1950730
1930733,1908196.0
1930757,1933006.0
1930941,1919664.0
1930942,1928766.0
1930953,1930960
1930960,1930953.0
1931031,1900211.0
1931187,1925365.0
1931813,1566458.0
1931834,1931550.0
1931863,1940154
1931928,1855486.0
1932056,1925365.0
1932384,1927048.0
1932443,1908196.0
1932673,1909621.0
1933064,1933398
1933257,1829737.0
1933289,1933820
1933296,1933301.0
1933301,1933296
1933347,1933364
1933364,1933347.0
1933398,1933064.0
1933482,1927881.0
1933510,1933395.0
1933749,1933735.0
1933806,1934946
1933820,1933289.0
1933973,561970.0
1934120,1356938.0
1934128,1928716.0
1934323,1934325
1934363,1933365.0
1934450,1840573.0
1934466,1935624
1934660,1900750.0
1934946,1933806.0
1935332,1017768.0
1935624,1934466.0
1935798,1857953.0
1935837,1681960.0
1936297,1941079
1936369,1857496
1936465,1936463.0
1936484,1944982.0
1936642,1935124.0
1936983,1927449.0
1937033,1895145.0
1937431,1935124.0
1938029,1855276.0
1938395,1924335.0
1938498,1935124.0
1938759,1940014.0
1938837,1946546
1939060,683651.0
1939661,341266.0
1939702,1927449.0
1940247,1829737.0
1940810,1942215
1941079,1936297.0
1941139,1945383
1941268,1935124.0
1941386,1948529
1941422,1940605.0
1941427,1940961.0
1941465,1566458.0
1941744,"1941738, 1940605.0"
1941745,1940605.0
1941748,1940605.0
1941778,1940605.0
1941785,1940605.0
1941817,1638616.0
1942034,1940605.0
1942038,1940605.0
1942057,1748416.0
1942060,1940605.0
1942091,1940605.0
1942100,1940605.0
1942106,1940605.0
1942127,1948795
1942240,1940605.0
1942243,1940605.0
1942337,1940605.0
1942433,1940605.0
1942683,1940605.0
1942776,1940605.0
1942779,1944951.0
1942813,1940605.0
1943012,1940605.0
1943017,265226.0
1943061,1940605.0
1943099,1922195.0
1943265,1940605.0
1943271,1857469.0
1943279,1940605.0
1943306,1943443
1943443,1943306.0
1943519,1748416.0
1943544,1940605.0
1943590,1143768.0
1944120,1940605.0
1944369,"1945510, 1945619, 1945655"
1944377,1944541.0
1944541,"1944377, 1945116, 1946538, 1947549"
1944951,1942779
1944982,1936484
1945001,1901846.0
1945078,1940605.0
1945116,1944541.0
1945198,1946933
1945206,1940605.0
1945383,1941139.0
1945498,1940605.0
1945510,1944369.0
1945619,1944369.0
1945655,1944369.0
1945753,1857469.0
1946083,1367973.0
1946538,1944541.0
1946874,1906202.0
1946933,1945198.0
1946990,1881033.0
1947549,1944541.0
1947620,1917465.0
1947998,479969.0
1948181,1947554.0
1948382,1900211.0
1948529,1941386.0
1948551,1927066.0
1948657,1927281.0
1948678,1950870
1949002,1906500.0
1949009,1881033.0
1949070,537342.0
1949324,1831633.0
1949724,1900211.0
1949996,1931550.0
1950084,1627479.0
1950637,"1950676, 1951535"
1950676,1950637.0
1950730,1930728.0
1950870,1948678.0
1951535,1950637.0
1951827,1907443
